{"block.portal.ambient":{"sounds":[{"attenuation_distance":10,"name":"portal\/portal","volume":0.05}],"replace":true,"subtitle":"subtitles.block.portal.ambient"},"block.portal.travel":{"sounds":[{"name":"portal\/travel","volume":0.05}],"replace":true},"block.portal.trigger":{"sounds":[{"name":"portal\/trigger","volume":0.05}],"replace":true,"subtitle":"subtitles.block.portal.trigger"},"ambient.underwater.enter":{"sounds":[{"name":"ambient\/underwater\/enter1","volume":0.025},{"name":"ambient\/underwater\/enter2","volume":0.025},{"name":"ambient\/underwater\/enter3","volume":0.025}],"replace":true},"ambient.underwater.exit":{"sounds":[{"name":"ambient\/underwater\/exit1","volume":0.015},{"name":"ambient\/underwater\/exit2","volume":0.015},{"name":"ambient\/underwater\/exit3","volume":0.015}],"replace":true},"ambient.underwater.loop":{"sounds":[{"name":"ambient\/underwater\/underwater_ambience","stream":true,"volume":0.0325}],"replace":true},"ambient.underwater.loop.additions":{"sounds":[{"name":"ambient\/underwater\/additions\/bubbles1","volume":0.05},{"name":"ambient\/underwater\/additions\/bubbles2","volume":0.05},{"name":"ambient\/underwater\/additions\/bubbles3","volume":0.05},{"name":"ambient\/underwater\/additions\/bubbles4","volume":0.05},{"name":"ambient\/underwater\/additions\/bubbles5","volume":0.05},{"name":"ambient\/underwater\/additions\/bubbles6","volume":0.05},{"name":"ambient\/underwater\/additions\/water1","volume":0.05},{"name":"ambient\/underwater\/additions\/water2","volume":0.05}],"replace":true},"ambient.underwater.loop.additions.rare":{"sounds":[{"name":"ambient\/underwater\/additions\/animal1","volume":0.0225},{"name":"ambient\/underwater\/additions\/bass_whale1","volume":0.0225},{"name":"ambient\/underwater\/additions\/bass_whale2","volume":0.025},{"name":"ambient\/underwater\/additions\/crackles1","volume":0.035},{"name":"ambient\/underwater\/additions\/crackles2","volume":0.05},{"name":"ambient\/underwater\/additions\/driplets1","volume":0.025},{"name":"ambient\/underwater\/additions\/driplets2","volume":0.025},{"name":"ambient\/underwater\/additions\/earth_crack","volume":0.05}],"replace":true},"ambient.underwater.loop.additions.ultra_rare":{"sounds":[{"name":"ambient\/underwater\/additions\/animal2","volume":0.05},{"name":"ambient\/underwater\/additions\/dark1","volume":0.05},{"name":"ambient\/underwater\/additions\/dark2","volume":0.035},{"name":"ambient\/underwater\/additions\/dark3","volume":0.05},{"name":"ambient\/underwater\/additions\/dark4","volume":0.05}],"replace":true},"block.pointed_dripstone.drip_water":{"sounds":[{"name":"block\/pointed_dripstone\/drip_water1","volume":0.05},{"name":"block\/pointed_dripstone\/drip_water2","volume":0.05},{"name":"block\/pointed_dripstone\/drip_water3","volume":0.05},{"name":"block\/pointed_dripstone\/drip_water4","volume":0.05},{"name":"block\/pointed_dripstone\/drip_water5","volume":0.05},{"name":"block\/pointed_dripstone\/drip_water6","volume":0.05},{"name":"block\/pointed_dripstone\/drip_water7","volume":0.05},{"name":"block\/pointed_dripstone\/drip_water8","volume":0.05},{"name":"block\/pointed_dripstone\/drip_water9","volume":0.05},{"name":"block\/pointed_dripstone\/drip_water10","volume":0.05},{"name":"block\/pointed_dripstone\/drip_water11","volume":0.05},{"name":"block\/pointed_dripstone\/drip_water12","volume":0.05},{"name":"block\/pointed_dripstone\/drip_water13","volume":0.05},{"name":"block\/pointed_dripstone\/drip_water14","volume":0.05},{"name":"block\/pointed_dripstone\/drip_water15","volume":0.05}],"replace":true,"subtitle":"subtitles.block.pointed_dripstone.drip_water"},"block.pointed_dripstone.drip_water_into_cauldron":{"sounds":[{"name":"block\/pointed_dripstone\/drip_water_cauldron1","volume":0.05},{"name":"block\/pointed_dripstone\/drip_water_cauldron2","volume":0.05},{"name":"block\/pointed_dripstone\/drip_water_cauldron3","volume":0.05},{"name":"block\/pointed_dripstone\/drip_water_cauldron4","volume":0.05},{"name":"block\/pointed_dripstone\/drip_water_cauldron5","volume":0.05},{"name":"block\/pointed_dripstone\/drip_water_cauldron6","volume":0.05},{"name":"block\/pointed_dripstone\/drip_water_cauldron7","volume":0.05},{"name":"block\/pointed_dripstone\/drip_water_cauldron8","volume":0.05}],"replace":true,"subtitle":"subtitles.block.pointed_dripstone.drip_water_into_cauldron"},"block.water.ambient":{"sounds":[{"name":"liquid\/water","volume":0.05}],"replace":true,"subtitle":"subtitles.block.water.ambient"},"entity.player.swim":{"sounds":[{"name":"liquid\/swim5","volume":0.05},{"name":"liquid\/swim6","volume":0.05},{"name":"liquid\/swim7","volume":0.05},{"name":"liquid\/swim8","volume":0.05},{"name":"liquid\/swim9","volume":0.05},{"name":"liquid\/swim10","volume":0.05},{"name":"liquid\/swim11","volume":0.05},{"name":"liquid\/swim12","volume":0.05},{"name":"liquid\/swim13","volume":0.05},{"name":"liquid\/swim14","volume":0.05},{"name":"liquid\/swim15","volume":0.05},{"name":"liquid\/swim16","volume":0.05},{"name":"liquid\/swim17","volume":0.05},{"name":"liquid\/swim18","volume":0.05}],"replace":true,"subtitle":"subtitles.entity.generic.swim"},"block.piston.contract":{"sounds":[{"name":"tile\/piston\/in","volume":0.05}],"replace":true,"subtitle":"subtitles.block.piston.move"},"block.piston.extend":{"sounds":[{"name":"tile\/piston\/out","volume":0.05}],"replace":true,"subtitle":"subtitles.block.piston.move"},"item.flintandsteel.use":{"sounds":[{"name":"fire\/ignite","volume":0.05}],"replace":true,"subtitle":"subtitles.item.flintandsteel.use"},"entity.generic.extinguish_fire":{"sounds":[{"name":"random\/fizz","volume":0.05}],"replace":true,"subtitle":"subtitles.entity.generic.extinguish_fire"},"block.fire.extinguish":{"sounds":[{"name":"random\/fizz","volume":0.05}],"replace":true,"subtitle":"subtitles.block.fire.extinguish"},"entity.player.hurt_on_fire":{"sounds":[{"name":"entity\/player\/hurt\/fire_hurt1","volume":0.05},{"name":"entity\/player\/hurt\/fire_hurt2","volume":0.05},{"name":"entity\/player\/hurt\/fire_hurt3","volume":0.05}],"replace":true,"subtitle":"subtitles.entity.player.hurt_on_fire"},"block.fire.ambient":{"sounds":[{"name":"fire\/fire","volume":0.05}],"replace":true,"subtitle":"subtitles.block.fire.ambient"},"entity.minecart.inside":{"sounds":[{"name":"minecart\/inside","volume":0.05}],"replace":true},"entity.minecart.inside.underwater":{"sounds":[{"name":"minecart\/inside_underwater1","volume":0.05},{"name":"minecart\/inside_underwater2","volume":0.05},{"name":"minecart\/inside_underwater3","volume":0.05}],"replace":true},"entity.minecart.riding":{"sounds":[{"name":"minecart\/base","volume":0.05}],"replace":true,"subtitle":"subtitles.entity.minecart.riding"},"block.dispenser.dispense":{"sounds":[{"name":"random\/click","volume":0.05}],"replace":true,"subtitle":"subtitles.block.dispenser.dispense"},"block.dispenser.fail":{"sounds":[{"name":"random\/click","volume":0.05}],"replace":true,"subtitle":"subtitles.block.dispenser.fail"},"block.dispenser.launch":{"sounds":[{"name":"random\/bow","volume":0.05}],"replace":true,"subtitle":"subtitles.block.dispenser.dispense"},"entity.generic.explode":{"sounds":[{"name":"random\/explode1","volume":0.05},{"name":"random\/explode2","volume":0.05},{"name":"random\/explode3","volume":0.05},{"name":"random\/explode4","volume":0.05}],"replace":true,"subtitle":"subtitles.entity.generic.explode"},"entity.lightning_bolt.thunder":{"sounds":[{"name":"ambient\/weather\/thunder1","volume":0.05},{"name":"ambient\/weather\/thunder2","volume":0.05},{"name":"ambient\/weather\/thunder3","volume":0.05}],"replace":true,"subtitle":"subtitles.entity.lightning_bolt.thunder"},"item.trident.thunder":{"sounds":[{"name":"item\/trident\/thunder1","volume":0.05},{"name":"item\/trident\/thunder2","volume":0.05}],"replace":true,"subtitle":"subtitles.item.trident.thunder"},"weather.rain":{"sounds":[{"name":"ambient\/weather\/rain1","volume":0.05},{"name":"ambient\/weather\/rain2","volume":0.05},{"name":"ambient\/weather\/rain3","volume":0.05},{"name":"ambient\/weather\/rain4","volume":0.05},{"name":"ambient\/weather\/rain5","volume":0.05},{"name":"ambient\/weather\/rain6","volume":0.05},{"name":"ambient\/weather\/rain7","volume":0.05},{"name":"ambient\/weather\/rain8","volume":0.05}],"replace":true,"subtitle":"subtitles.weather.rain"},"weather.rain.above":{"sounds":[{"name":"ambient\/weather\/rain1","volume":0.05},{"name":"ambient\/weather\/rain2","volume":0.05},{"name":"ambient\/weather\/rain3","volume":0.05},{"name":"ambient\/weather\/rain4","volume":0.05}],"replace":true,"subtitle":"subtitles.weather.rain"},"entity.villager.ambient":{"sounds":[{"name":"mob\/villager\/idle1","volume":0.05},{"name":"mob\/villager\/idle2","volume":0.05},{"name":"mob\/villager\/idle3","volume":0.05}],"replace":true,"subtitle":"subtitles.entity.villager.ambient"},"entity.villager.celebrate":{"sounds":[{"name":"mob\/villager\/yes1","volume":0.05},{"name":"mob\/villager\/yes2","volume":0.05},{"name":"mob\/villager\/yes3","volume":0.05}],"replace":true,"subtitle":"subtitles.entity.villager.celebrate"},"entity.villager.death":{"sounds":[{"name":"mob\/villager\/death","volume":0.05}],"replace":true,"subtitle":"subtitles.entity.villager.death"},"entity.villager.hurt":{"sounds":[{"name":"mob\/villager\/hit1","volume":0.05},{"name":"mob\/villager\/hit2","volume":0.05},{"name":"mob\/villager\/hit3","volume":0.05},{"name":"mob\/villager\/hit4","volume":0.05}],"replace":true,"subtitle":"subtitles.entity.villager.hurt"},"entity.villager.no":{"sounds":[{"name":"mob\/villager\/no1","volume":0.05},{"name":"mob\/villager\/no2","volume":0.05},{"name":"mob\/villager\/no3","volume":0.05}],"replace":true,"subtitle":"subtitles.entity.villager.no"},"entity.villager.trade":{"sounds":[{"name":"mob\/villager\/haggle1","volume":0.05},{"name":"mob\/villager\/haggle2","volume":0.05},{"name":"mob\/villager\/haggle3","volume":0.05}],"replace":true,"subtitle":"subtitles.entity.villager.trade"},"entity.villager.work_armorer":{"sounds":[{"name":"block\/blastfurnace\/blastfurnace1","volume":0.05},{"name":"block\/blastfurnace\/blastfurnace2","volume":0.05},{"name":"block\/blastfurnace\/blastfurnace3","volume":0.05},{"name":"block\/blastfurnace\/blastfurnace4","volume":0.05},{"name":"block\/blastfurnace\/blastfurnace5","volume":0.05}],"replace":true,"subtitle":"subtitles.entity.villager.work_armorer"},"entity.villager.work_butcher":{"sounds":[{"name":"block\/smoker\/smoker1","volume":0.05},{"name":"block\/smoker\/smoker2","volume":0.05},{"name":"block\/smoker\/smoker3","volume":0.05},{"name":"block\/smoker\/smoker4","volume":0.05},{"name":"block\/smoker\/smoker5","volume":0.05}],"replace":true,"subtitle":"subtitles.entity.villager.work_butcher"},"entity.villager.work_cartographer":{"sounds":[{"name":"ui\/cartography_table\/drawmap1","volume":0.05},{"name":"ui\/cartography_table\/drawmap2","volume":0.05},{"name":"ui\/cartography_table\/drawmap3","volume":0.05}],"replace":true,"subtitle":"subtitles.entity.villager.work_cartographer"},"entity.villager.work_cleric":{"sounds":[{"name":"block\/brewing_stand\/brew1","volume":0.05},{"name":"block\/brewing_stand\/brew2","volume":0.05}],"replace":true,"subtitle":"subtitles.entity.villager.work_cleric"},"entity.villager.work_farmer":{"sounds":[{"name":"block\/composter\/fill_success1","volume":0.05},{"name":"block\/composter\/fill_success2","volume":0.05},{"name":"block\/composter\/fill_success3","volume":0.05},{"name":"block\/composter\/fill_success4","volume":0.05}],"replace":true,"subtitle":"subtitles.entity.villager.work_farmer"},"entity.villager.work_fisherman":{"sounds":[{"name":"block\/barrel\/open1","volume":0.05},{"name":"block\/barrel\/open2","volume":0.05}],"replace":true,"subtitle":"subtitles.entity.villager.work_fisherman"},"entity.villager.work_fletcher":{"sounds":[{"name":"block\/fletching_table\/fletching_table1","volume":0.05},{"name":"block\/fletching_table\/fletching_table2","volume":0.05}],"replace":true,"subtitle":"subtitles.entity.villager.work_fletcher"},"entity.villager.work_leatherworker":{"sounds":[{"name":"block\/cauldron\/dye1","volume":0.045},{"name":"block\/cauldron\/dye2","volume":0.045},{"name":"block\/cauldron\/dye3","volume":0.045}],"replace":true,"subtitle":"subtitles.entity.villager.work_leatherworker"},"entity.villager.work_librarian":{"sounds":[{"name":"item\/book\/open_flip1","volume":0.1},{"name":"item\/book\/open_flip2","volume":0.1},{"name":"item\/book\/open_flip3","volume":0.1}],"replace":true,"subtitle":"subtitles.entity.villager.work_librarian"},"entity.villager.work_mason":{"sounds":[{"name":"ui\/stonecutter\/cut1","pitch":0.92,"volume":0.05},{"name":"ui\/stonecutter\/cut1","volume":0.05},{"name":"ui\/stonecutter\/cut2","pitch":0.92,"volume":0.05},{"name":"ui\/stonecutter\/cut2","volume":0.05}],"replace":true,"subtitle":"subtitles.entity.villager.work_mason"},"entity.villager.work_shepherd":{"sounds":[{"name":"ui\/loom\/take_result1","volume":0.025},{"name":"ui\/loom\/take_result2","volume":0.025}],"replace":true,"subtitle":"subtitles.entity.villager.work_shepherd"},"entity.villager.work_toolsmith":{"sounds":[{"name":"block\/smithing_table\/smithing_table1","volume":0.05},{"name":"block\/smithing_table\/smithing_table2","volume":0.05},{"name":"block\/smithing_table\/smithing_table3","volume":0.05}],"replace":true,"subtitle":"subtitles.entity.villager.work_toolsmith"},"entity.villager.work_weaponsmith":{"sounds":[{"name":"block\/grindstone\/grindstone1","volume":0.025},{"name":"block\/grindstone\/grindstone2","volume":0.025},{"name":"block\/grindstone\/grindstone3","volume":0.025}],"replace":true,"subtitle":"subtitles.entity.villager.work_weaponsmith"},"entity.villager.yes":{"sounds":[{"name":"mob\/villager\/yes1","volume":0.025},{"name":"mob\/villager\/yes2","volume":0.025},{"name":"mob\/villager\/yes3","volume":0.025}],"replace":true,"subtitle":"subtitles.entity.villager.yes"},"entity.wandering_trader.ambient":{"sounds":[{"name":"mob\/wandering_trader\/idle1","volume":0.05},{"name":"mob\/wandering_trader\/idle2","volume":0.05},{"name":"mob\/wandering_trader\/idle3","volume":0.05},{"name":"mob\/wandering_trader\/idle4","volume":0.05},{"name":"mob\/wandering_trader\/idle5","volume":0.05}],"replace":true,"subtitle":"subtitles.entity.wandering_trader.ambient"},"entity.wandering_trader.death":{"sounds":[{"name":"mob\/wandering_trader\/death","volume":0.05}],"replace":true,"subtitle":"subtitles.entity.wandering_trader.death"},"entity.wandering_trader.disappeared":{"sounds":[{"name":"mob\/wandering_trader\/disappeared1","volume":0.04},{"name":"mob\/wandering_trader\/disappeared2","volume":0.04}],"replace":true,"subtitle":"subtitles.entity.wandering_trader.disappeared"},"entity.wandering_trader.drink_milk":{"sounds":[{"name":"mob\/wandering_trader\/drink_milk1","volume":0.05},{"name":"mob\/wandering_trader\/drink_milk2","volume":0.05},{"name":"mob\/wandering_trader\/drink_milk3","volume":0.05},{"name":"mob\/wandering_trader\/drink_milk4","volume":0.05},{"name":"mob\/wandering_trader\/drink_milk5","volume":0.05}],"replace":true,"subtitle":"subtitles.entity.wandering_trader.drink_milk"},"entity.wandering_trader.drink_potion":{"sounds":[{"name":"mob\/wandering_trader\/drink_potion","volume":0.035},{"name":"random\/drink","volume":0.0325}],"replace":true,"subtitle":"subtitles.entity.wandering_trader.drink_potion"},"entity.wandering_trader.hurt":{"sounds":[{"name":"mob\/wandering_trader\/hurt1","volume":0.05},{"name":"mob\/wandering_trader\/hurt2","volume":0.05},{"name":"mob\/wandering_trader\/hurt3","volume":0.05},{"name":"mob\/wandering_trader\/hurt4","volume":0.05}],"replace":true,"subtitle":"subtitles.entity.wandering_trader.hurt"},"entity.wandering_trader.no":{"sounds":[{"name":"mob\/wandering_trader\/no1","volume":0.05},{"name":"mob\/wandering_trader\/no2","volume":0.05},{"name":"mob\/wandering_trader\/no3","volume":0.05},{"name":"mob\/wandering_trader\/no4","volume":0.05},{"name":"mob\/wandering_trader\/no5","volume":0.05}],"replace":true,"subtitle":"subtitles.entity.wandering_trader.no"},"entity.wandering_trader.reappeared":{"sounds":[{"name":"mob\/wandering_trader\/reappeared1","volume":0.04},{"name":"mob\/wandering_trader\/reappeared2","volume":0.04}],"replace":true,"subtitle":"subtitles.entity.wandering_trader.reappeared"},"entity.wandering_trader.trade":{"sounds":[{"name":"mob\/wandering_trader\/haggle1","volume":0.05},{"name":"mob\/wandering_trader\/haggle2","volume":0.05},{"name":"mob\/wandering_trader\/haggle3","volume":0.05}],"replace":true,"subtitle":"subtitles.entity.wandering_trader.trade"},"entity.wandering_trader.yes":{"sounds":[{"name":"mob\/wandering_trader\/yes1","volume":0.05},{"name":"mob\/wandering_trader\/yes2","volume":0.05},{"name":"mob\/wandering_trader\/yes3","volume":0.05},{"name":"mob\/wandering_trader\/yes4","volume":0.05}],"replace":true,"subtitle":"subtitles.entity.wandering_trader.yes"},"entity.sniffer.death":{"sounds":[{"name":"mob\/sniffer\/death1","volume":0.05},{"name":"mob\/sniffer\/death2","volume":0.05}],"replace":true,"subtitle":"subtitles.entity.sniffer.death"},"entity.sniffer.digging":{"sounds":[{"name":"mob\/sniffer\/longdig1","volume":0.05},{"name":"mob\/sniffer\/longdig2","volume":0.05}],"replace":true,"subtitle":"subtitles.entity.sniffer.digging"},"entity.sniffer.digging_stop":{"sounds":[{"name":"mob\/sniffer\/digging_stop1","volume":0.05},{"name":"mob\/sniffer\/digging_stop2","volume":0.05}],"replace":true,"subtitle":"subtitles.entity.sniffer.digging_stop"},"entity.sniffer.drop_seed":{"sounds":[{"name":"random\/pop","pitch":0.6,"volume":0.04},{"name":"random\/pop","pitch":0.7,"volume":0.04},{"name":"random\/pop","pitch":0.8,"volume":0.04}],"replace":true,"subtitle":"subtitles.entity.sniffer.drop_seed"},"entity.sniffer.eat":{"sounds":[{"name":"mob\/sniffer\/eat1","volume":0.035},{"name":"mob\/sniffer\/eat2","volume":0.035},{"name":"mob\/sniffer\/eat3","volume":0.035}],"replace":true,"subtitle":"subtitles.entity.sniffer.eat"},"entity.sniffer.happy":{"sounds":[{"name":"mob\/sniffer\/happy1","volume":0.05},{"name":"mob\/sniffer\/happy2","volume":0.05},{"name":"mob\/sniffer\/happy3","volume":0.05},{"name":"mob\/sniffer\/happy4","volume":0.05},{"name":"mob\/sniffer\/happy5","volume":0.05}],"replace":true,"subtitle":"subtitles.entity.sniffer.happy"},"entity.sniffer.hurt":{"sounds":[{"name":"mob\/sniffer\/hurt1","volume":0.05},{"name":"mob\/sniffer\/hurt2","volume":0.05},{"name":"mob\/sniffer\/hurt3","volume":0.05}],"replace":true,"subtitle":"subtitles.entity.sniffer.hurt"},"entity.sniffer.idle":{"sounds":[{"name":"mob\/sniffer\/idle1","volume":0.05},{"name":"mob\/sniffer\/idle2","volume":0.05},{"name":"mob\/sniffer\/idle3","volume":0.05},{"name":"mob\/sniffer\/idle4","volume":0.05},{"name":"mob\/sniffer\/idle5","volume":0.05},{"name":"mob\/sniffer\/idle6","volume":0.05},{"name":"mob\/sniffer\/idle7","volume":0.05},{"name":"mob\/sniffer\/idle8","volume":0.05},{"name":"mob\/sniffer\/idle9","volume":0.05},{"name":"mob\/sniffer\/idle10","volume":0.05},{"name":"mob\/sniffer\/idle11","volume":0.05}],"replace":true,"subtitle":"subtitles.entity.sniffer.idle"},"entity.sniffer.scenting":{"sounds":[{"name":"mob\/sniffer\/scenting1","volume":0.05},{"name":"mob\/sniffer\/scenting2","volume":0.05},{"name":"mob\/sniffer\/scenting3","volume":0.05}],"replace":true,"subtitle":"subtitles.entity.sniffer.scenting"},"entity.sniffer.searching":{"sounds":[{"name":"mob\/sniffer\/searching1","volume":0.04},{"name":"mob\/sniffer\/searching2","volume":0.04},{"name":"mob\/sniffer\/searching3","volume":0.04},{"name":"mob\/sniffer\/searching4","volume":0.04},{"name":"mob\/sniffer\/searching5","volume":0.04},{"name":"mob\/sniffer\/searching6","volume":0.04}],"replace":true,"subtitle":"subtitles.entity.sniffer.searching"},"entity.sniffer.sniffing":{"sounds":[{"name":"mob\/sniffer\/sniffing1","volume":0.05},{"name":"mob\/sniffer\/sniffing2","volume":0.05},{"name":"mob\/sniffer\/sniffing3","volume":0.05}],"replace":true,"subtitle":"subtitles.entity.sniffer.sniffing"},"entity.sniffer.step":{"sounds":[{"name":"mob\/sniffer\/step1","volume":0.05},{"name":"mob\/sniffer\/step2","volume":0.05},{"name":"mob\/sniffer\/step3","volume":0.05},{"name":"mob\/sniffer\/step4","volume":0.05},{"name":"mob\/sniffer\/step5","volume":0.05},{"name":"mob\/sniffer\/step6","volume":0.05}],"replace":true,"subtitle":"subtitles.block.generic.footsteps"},"block.sniffer_egg.crack":{"sounds":[{"name":"mob\/turtle\/egg\/egg_crack1","pitch":0.8,"volume":0.05},{"name":"mob\/turtle\/egg\/egg_crack2","pitch":0.8,"volume":0.05},{"name":"mob\/turtle\/egg\/egg_crack3","pitch":0.8,"volume":0.05},{"name":"mob\/turtle\/egg\/egg_crack4","pitch":0.8,"volume":0.05},{"name":"mob\/turtle\/egg\/egg_crack5","pitch":0.8,"volume":0.05}],"replace":true,"subtitle":"subtitles.block.sniffer_egg.crack"},"block.sniffer_egg.hatch":{"sounds":[{"name":"mob\/turtle\/egg\/egg_break1","pitch":0.8,"volume":0.05},{"name":"mob\/turtle\/egg\/egg_break2","pitch":0.8,"volume":0.05}],"replace":true,"subtitle":"subtitles.block.sniffer_egg.hatch"},"block.sniffer_egg.plop":{"sounds":[{"name":"mob\/chicken\/plop","pitch":0.6,"volume":0.05},{"name":"mob\/chicken\/plop","pitch":0.7,"volume":0.05},{"name":"mob\/chicken\/plop","pitch":0.8,"volume":0.05}],"replace":true,"subtitle":"subtitles.block.sniffer_egg.plop"},"entity.rabbit.ambient":{"sounds":[{"name":"mob\/rabbit\/idle1","volume":0.0125},{"name":"mob\/rabbit\/idle2","volume":0.0125},{"name":"mob\/rabbit\/idle3","volume":0.0125},{"name":"mob\/rabbit\/idle4","volume":0.0125}],"replace":true,"subtitle":"subtitles.entity.rabbit.ambient"},"entity.rabbit.attack":{"sounds":[{"name":"entity\/rabbit\/attack1","volume":0.05},{"name":"entity\/rabbit\/attack2","volume":0.05},{"name":"entity\/rabbit\/attack3","volume":0.05},{"name":"entity\/rabbit\/attack4","volume":0.05}],"replace":true,"subtitle":"subtitles.entity.rabbit.attack"},"entity.rabbit.death":{"sounds":[{"name":"mob\/rabbit\/bunnymurder","volume":0.025}],"replace":true,"subtitle":"subtitles.entity.rabbit.death"},"entity.rabbit.hurt":{"sounds":[{"name":"mob\/rabbit\/hurt1","volume":0.025},{"name":"mob\/rabbit\/hurt2","volume":0.025},{"name":"mob\/rabbit\/hurt3","volume":0.025},{"name":"mob\/rabbit\/hurt4","volume":0.025}],"replace":true,"subtitle":"subtitles.entity.rabbit.hurt"},"entity.rabbit.jump":{"sounds":[{"name":"mob\/rabbit\/hop1","volume":0.005},{"name":"mob\/rabbit\/hop2","volume":0.005},{"name":"mob\/rabbit\/hop3","volume":0.005},{"name":"mob\/rabbit\/hop4","volume":0.005}],"replace":true,"subtitle":"subtitles.entity.rabbit.jump"},"entity.sheep.ambient":{"sounds":[{"name":"mob\/sheep\/say1","volume":0.05},{"name":"mob\/sheep\/say2","volume":0.05},{"name":"mob\/sheep\/say3","volume":0.05}],"replace":true,"subtitle":"subtitles.entity.sheep.ambient"},"entity.sheep.death":{"sounds":["mob\/sheep\/say1","mob\/sheep\/say2","mob\/sheep\/say3"],"subtitle":"subtitles.entity.sheep.death"},"entity.sheep.hurt":{"sounds":[{"name":"mob\/sheep\/say1","volume":0.05},{"name":"mob\/sheep\/say2","volume":0.05},{"name":"mob\/sheep\/say3","volume":0.05}],"replace":true,"subtitle":"subtitles.entity.sheep.hurt"},"entity.sheep.shear":{"sounds":[{"name":"mob\/sheep\/shear","volume":0.05}],"replace":true,"subtitle":"subtitles.item.shears.shear"},"entity.sheep.step":{"sounds":[{"name":"mob\/sheep\/step1","volume":0.05},{"name":"mob\/sheep\/step2","volume":0.05},{"name":"mob\/sheep\/step3","volume":0.05},{"name":"mob\/sheep\/step4","volume":0.05},{"name":"mob\/sheep\/step5","volume":0.05}],"replace":true,"subtitle":"subtitles.block.generic.footsteps"},"entity.goat.ambient":{"sounds":[{"name":"mob\/goat\/idle1","volume":0.041},{"name":"mob\/goat\/idle2","volume":0.041},{"name":"mob\/goat\/idle3","volume":0.042},{"name":"mob\/goat\/idle4","volume":0.042},{"name":"mob\/goat\/idle5","volume":0.042},{"name":"mob\/goat\/idle6","volume":0.042},{"name":"mob\/goat\/idle7","volume":0.042},{"name":"mob\/goat\/idle8","volume":0.042}],"replace":true,"subtitle":"subtitles.entity.goat.ambient"},"entity.goat.death":{"sounds":[{"name":"mob\/goat\/death1","volume":0.0325},{"name":"mob\/goat\/death2","volume":0.0325},{"name":"mob\/goat\/death3","volume":0.0325},{"name":"mob\/goat\/death4","volume":0.0325},{"name":"mob\/goat\/death5","volume":0.0325}],"replace":true,"subtitle":"subtitles.entity.goat.death"},"entity.goat.eat":{"sounds":[{"name":"mob\/goat\/eat1","volume":0.05},{"name":"mob\/goat\/eat2","volume":0.05},{"name":"mob\/goat\/eat3","volume":0.05}],"replace":true,"subtitle":"subtitles.entity.goat.eat"},"entity.goat.horn_break":{"sounds":[{"name":"mob\/goat\/horn_break1","volume":0.045},{"name":"mob\/goat\/horn_break2","volume":0.045},{"name":"mob\/goat\/horn_break3","volume":0.045},{"name":"mob\/goat\/horn_break4","volume":0.045}],"replace":true,"subtitle":"subtitles.entity.goat.horn_break"},"entity.goat.hurt":{"sounds":[{"name":"mob\/goat\/hurt1","volume":0.0325},{"name":"mob\/goat\/hurt2","volume":0.0325},{"name":"mob\/goat\/hurt3","volume":0.0325},{"name":"mob\/goat\/hurt4","volume":0.0325}],"replace":true,"subtitle":"subtitles.entity.goat.hurt"},"entity.goat.long_jump":{"sounds":[{"name":"mob\/goat\/jump1","volume":0.04},{"name":"mob\/goat\/jump1","pitch":0.8,"volume":0.04},{"name":"mob\/goat\/jump2","volume":0.04},{"name":"mob\/goat\/jump2","pitch":0.8,"volume":0.04}],"replace":true,"subtitle":"subtitles.entity.goat.long_jump"},"entity.goat.milk":{"sounds":[{"name":"mob\/mooshroom\/milk1","volume":0.05},{"name":"mob\/mooshroom\/milk2","volume":0.05},{"name":"mob\/mooshroom\/milk3","volume":0.05}],"replace":true,"subtitle":"subtitles.entity.goat.milk"},"entity.goat.prepare_ram":{"sounds":[{"name":"mob\/goat\/pre_ram1","volume":0.04},{"name":"mob\/goat\/pre_ram2","volume":0.04},{"name":"mob\/goat\/pre_ram3","volume":0.04},{"name":"mob\/goat\/pre_ram4","volume":0.04}],"replace":true,"subtitle":"subtitles.entity.goat.prepare_ram"},"entity.goat.ram_impact":{"sounds":[{"name":"mob\/goat\/impact1","volume":0.04},{"name":"mob\/goat\/impact2","volume":0.04},{"name":"mob\/goat\/impact2","volume":0.04}],"replace":true,"subtitle":"subtitles.entity.goat.ram_impact"},"entity.goat.screaming.ambient":{"sounds":[{"name":"mob\/goat\/idle1","volume":0.041},{"name":"mob\/goat\/idle2","volume":0.041},{"name":"mob\/goat\/idle3","volume":0.042},{"name":"mob\/goat\/idle4","volume":0.042},{"name":"mob\/goat\/idle5","volume":0.042},{"name":"mob\/goat\/idle6","volume":0.042},{"name":"mob\/goat\/idle7","volume":0.0415},{"name":"mob\/goat\/idle8","volume":0.042},{"name":"mob\/goat\/scream1","volume":0.045},{"name":"mob\/goat\/scream2","volume":0.045},{"name":"mob\/goat\/scream3","volume":0.045},{"name":"mob\/goat\/scream4","volume":0.045},{"name":"mob\/goat\/scream5","volume":0.045},{"name":"mob\/goat\/scream6","volume":0.045},{"name":"mob\/goat\/scream7","volume":0.045},{"name":"mob\/goat\/scream8","volume":0.045},{"name":"mob\/goat\/scream9","volume":0.045}],"replace":true,"subtitle":"subtitles.entity.goat.screaming.ambient"},"entity.goat.screaming.death":{"sounds":[{"name":"mob\/goat\/screaming_death1","volume":0.0325},{"name":"mob\/goat\/screaming_death2","volume":0.0325},{"name":"mob\/goat\/screaming_death3","volume":0.0325}],"replace":true,"subtitle":"subtitles.entity.goat.death"},"entity.goat.screaming.eat":{"sounds":[{"name":"mob\/goat\/eat1","volume":0.05},{"name":"mob\/goat\/eat2","volume":0.05},{"name":"mob\/goat\/eat3","volume":0.05}],"replace":true,"subtitle":"subtitles.entity.goat.eat"},"entity.goat.screaming.hurt":{"sounds":[{"name":"mob\/goat\/screaming_hurt1","volume":0.0325},{"name":"mob\/goat\/screaming_hurt2","volume":0.0325},{"name":"mob\/goat\/screaming_hurt3","volume":0.0325}],"replace":true,"subtitle":"subtitles.entity.goat.hurt"},"entity.goat.screaming.long_jump":{"sounds":[{"name":"mob\/goat\/jump1","volume":0.04},{"name":"mob\/goat\/jump1","pitch":0.8,"volume":0.04},{"name":"mob\/goat\/jump2","volume":0.04},{"name":"mob\/goat\/jump2","pitch":0.8,"volume":0.04}],"replace":true,"subtitle":"subtitles.entity.goat.long_jump"},"entity.goat.screaming.milk":{"sounds":[{"name":"mob\/goat\/screaming_milk1","volume":0.05},{"name":"mob\/goat\/screaming_milk2","volume":0.05},{"name":"mob\/goat\/screaming_milk3","volume":0.05},{"name":"mob\/goat\/screaming_milk4","volume":0.05},{"name":"mob\/goat\/screaming_milk5","volume":0.05}],"replace":true,"subtitle":"subtitles.entity.goat.milk"},"entity.goat.screaming.prepare_ram":{"sounds":[{"name":"mob\/goat\/screaming_pre_ram1","volume":0.04},{"name":"mob\/goat\/screaming_pre_ram2","volume":0.04},{"name":"mob\/goat\/screaming_pre_ram3","volume":0.04},{"name":"mob\/goat\/screaming_pre_ram4","volume":0.04},{"name":"mob\/goat\/screaming_pre_ram5","volume":0.04}],"replace":true,"subtitle":"subtitles.entity.goat.prepare_ram"},"entity.goat.screaming.ram_impact":{"sounds":[{"name":"mob\/goat\/impact1","volume":0.04},{"name":"mob\/goat\/impact2","volume":0.04},{"name":"mob\/goat\/impact2","volume":0.04}],"replace":true,"subtitle":"subtitles.entity.goat.ram_impact"},"entity.goat.step":{"sounds":[{"name":"mob\/goat\/step1","volume":0.05},{"name":"mob\/goat\/step2","volume":0.05},{"name":"mob\/goat\/step3","volume":0.05},{"name":"mob\/goat\/step4","volume":0.05},{"name":"mob\/goat\/step5","volume":0.05},{"name":"mob\/goat\/step6","volume":0.05}],"replace":true,"subtitle":"subtitles.block.generic.footsteps"},"entity.frog.ambient":{"sounds":[{"name":"mob\/frog\/idle1","pitch":0.95,"volume":0.04},{"name":"mob\/frog\/idle2","pitch":0.9},{"name":"mob\/frog\/idle3","pitch":0.9,"volume":0.045},{"name":"mob\/frog\/idle4","pitch":0.95,"volume":0.04},{"name":"mob\/frog\/idle5","pitch":0.9,"volume":0.0425},{"name":"mob\/frog\/idle6","pitch":0.9,"volume":0.045},{"name":"mob\/frog\/idle7","pitch":0.9,"volume":0.035},{"name":"mob\/frog\/idle8","pitch":0.9,"volume":0.015}],"replace":true,"subtitle":"subtitles.entity.frog.ambient"},"entity.frog.death":{"sounds":[{"name":"mob\/frog\/death1","volume":0.05},{"name":"mob\/frog\/death2","volume":0.05},{"name":"mob\/frog\/death3","volume":0.05}],"replace":true,"subtitle":"subtitles.entity.frog.death"},"entity.frog.eat":{"sounds":[{"name":"mob\/frog\/eat1","volume":0.6},{"name":"mob\/frog\/eat1","pitch":0.9,"volume":0.03},{"name":"mob\/frog\/eat2","volume":0.03},{"name":"mob\/frog\/eat2","pitch":0.9,"volume":0.03},{"name":"mob\/frog\/eat3","volume":0.03},{"name":"mob\/frog\/eat3","pitch":0.9,"volume":0.03},{"name":"mob\/frog\/eat4","volume":0.03},{"name":"mob\/frog\/eat4","pitch":0.9,"volume":0.03}],"replace":true,"subtitle":"subtitles.entity.frog.eat"},"entity.frog.hurt":{"sounds":[{"name":"mob\/frog\/hurt1","volume":0.05},{"name":"mob\/frog\/hurt2","volume":0.05},{"name":"mob\/frog\/hurt3","volume":0.05},{"name":"mob\/frog\/hurt4","volume":0.05},{"name":"mob\/frog\/hurt5","volume":0.05}],"replace":true,"subtitle":"subtitles.entity.frog.hurt"},"entity.frog.lay_spawn":{"sounds":[{"name":"mob\/frog\/lay_spawn1","volume":0.0125},{"name":"mob\/frog\/lay_spawn2","volume":0.0125}],"replace":true,"subtitle":"subtitles.entity.frog.lay_spawn"},"entity.frog.long_jump":{"sounds":[{"name":"mob\/frog\/long_jump1","volume":0.006},{"name":"mob\/frog\/long_jump1","pitch":0.8,"volume":0.006},{"name":"mob\/frog\/long_jump2","volume":0.006},{"name":"mob\/frog\/long_jump2","pitch":0.8,"volume":0.006},{"name":"mob\/frog\/long_jump3","volume":0.006},{"name":"mob\/frog\/long_jump3","pitch":0.8,"volume":0.006},{"name":"mob\/frog\/long_jump4","volume":0.006},{"name":"mob\/frog\/long_jump4","pitch":0.8,"volume":0.006}],"replace":true,"subtitle":"subtitles.entity.frog.long_jump"},"entity.frog.step":{"sounds":[{"name":"mob\/frog\/step1","volume":0.05},{"name":"mob\/frog\/step2","volume":0.05},{"name":"mob\/frog\/step3","volume":0.05},{"name":"mob\/frog\/step4","volume":0.05}],"replace":true,"subtitle":"subtitles.block.generic.footsteps"},"entity.frog.tongue":{"sounds":[{"name":"mob\/frog\/tongue1","volume":0.025},{"name":"mob\/frog\/tongue2","volume":0.025},{"name":"mob\/frog\/tongue3","volume":0.025},{"name":"mob\/frog\/tongue4","volume":0.025}],"replace":true},"entity.fox.aggro":{"sounds":[{"name":"mob\/fox\/aggro1","volume":0.0325},{"name":"mob\/fox\/aggro2","volume":0.0325},{"name":"mob\/fox\/aggro3","volume":0.0325},{"name":"mob\/fox\/aggro4","volume":0.0325},{"name":"mob\/fox\/aggro5","volume":0.0325},{"name":"mob\/fox\/aggro6","volume":0.0325},{"name":"mob\/fox\/aggro7","volume":0.0325}],"replace":true,"subtitle":"subtitles.entity.fox.aggro"},"entity.fox.ambient":{"sounds":[{"name":"mob\/fox\/idle1","volume":0.04},{"name":"mob\/fox\/idle2","volume":0.05},{"name":"mob\/fox\/idle3","volume":0.05},{"name":"mob\/fox\/idle4","volume":0.05},{"name":"mob\/fox\/idle5","volume":0.05},{"name":"mob\/fox\/idle6","volume":0.05}],"replace":true,"subtitle":"subtitles.entity.fox.ambient"},"entity.fox.bite":{"sounds":[{"name":"mob\/fox\/bite1","pitch":1.1,"volume":0.03},{"name":"mob\/fox\/bite2","pitch":1.1,"volume":0.03},{"name":"mob\/fox\/bite3","pitch":1.1,"volume":0.03}],"replace":true,"subtitle":"subtitles.entity.fox.bite"},"entity.fox.death":{"sounds":[{"name":"mob\/fox\/death1","volume":0.045},{"name":"mob\/fox\/death2","volume":0.045}],"replace":true,"subtitle":"subtitles.entity.fox.death"},"entity.fox.eat":{"sounds":[{"name":"mob\/fox\/eat1","volume":0.0325},{"name":"mob\/fox\/eat2","volume":0.0325},{"name":"mob\/fox\/eat3","volume":0.0325}],"replace":true,"subtitle":"subtitles.entity.fox.eat"},"entity.fox.hurt":{"sounds":[{"name":"mob\/fox\/hurt1","volume":0.0375},{"name":"mob\/fox\/hurt2","volume":0.0375},{"name":"mob\/fox\/hurt3","volume":0.0375},{"name":"mob\/fox\/hurt4","volume":0.0375}],"replace":true,"subtitle":"subtitles.entity.fox.hurt"},"entity.fox.screech":{"sounds":[{"attenuation_distance":32,"name":"mob\/fox\/screech1","volume":0.0225},{"attenuation_distance":32,"name":"mob\/fox\/screech2","volume":0.0225},{"attenuation_distance":32,"name":"mob\/fox\/screech3","volume":0.0225},{"attenuation_distance":32,"name":"mob\/fox\/screech4","volume":0.0225}],"replace":true,"subtitle":"subtitles.entity.fox.screech"},"entity.fox.sleep":{"sounds":[{"name":"mob\/fox\/sleep1","volume":0.04},{"name":"mob\/fox\/sleep2","volume":0.04},{"name":"mob\/fox\/sleep3","volume":0.04},{"name":"mob\/fox\/sleep4","volume":0.04},{"name":"mob\/fox\/sleep5","volume":0.04}],"replace":true,"subtitle":"subtitles.entity.fox.sleep"},"entity.fox.sniff":{"sounds":[{"name":"mob\/fox\/sniff1","volume":0.03},{"name":"mob\/fox\/sniff2","volume":0.03},{"name":"mob\/fox\/sniff3","volume":0.03},{"name":"mob\/fox\/sniff4","volume":0.03}],"replace":true,"subtitle":"subtitles.entity.fox.sniff"},"entity.fox.spit":{"sounds":[{"name":"mob\/fox\/spit1","volume":0.035},{"name":"mob\/fox\/spit2","volume":0.035},{"name":"mob\/fox\/spit3","volume":0.035}],"replace":true,"subtitle":"subtitles.entity.fox.spit"},"entity.fox.teleport":{"sounds":[{"name":"mob\/endermen\/portal","volume":0.05},{"name":"mob\/endermen\/portal2","volume":0.05}],"replace":true,"subtitle":"subtitles.entity.fox.teleport"},"entity.camel.ambient":{"sounds":[{"name":"mob\/camel\/ambient1","volume":0.0225},{"name":"mob\/camel\/ambient2","volume":0.0225},{"name":"mob\/camel\/ambient3","volume":0.025},{"name":"mob\/camel\/ambient4","volume":0.025},{"name":"mob\/camel\/ambient5","volume":0.025},{"name":"mob\/camel\/ambient6","volume":0.025},{"name":"mob\/camel\/ambient7","volume":0.015},{"name":"mob\/camel\/ambient8","volume":0.015}],"replace":true,"subtitle":"subtitles.entity.camel.ambient"},"entity.camel.dash":{"sounds":[{"name":"mob\/camel\/dash1","volume":0.05},{"name":"mob\/camel\/dash2","volume":0.05},{"name":"mob\/camel\/dash3","volume":0.05},{"name":"mob\/camel\/dash4","volume":0.05},{"name":"mob\/camel\/dash5","volume":0.05},{"name":"mob\/camel\/dash6","volume":0.05}],"replace":true,"subtitle":"subtitles.entity.camel.dash"},"entity.camel.dash_ready":{"sounds":[{"name":"mob\/camel\/dash_ready1","volume":0.0125}],"replace":true,"subtitle":"subtitles.entity.camel.dash_ready"},"entity.camel.death":{"sounds":[{"name":"mob\/camel\/death1","volume":0.05},{"name":"mob\/camel\/death2","volume":0.05}],"replace":true,"subtitle":"subtitles.entity.camel.death"},"entity.camel.eat":{"sounds":[{"name":"mob\/camel\/eat1","volume":0.01},{"name":"mob\/camel\/eat2","volume":0.01},{"name":"mob\/camel\/eat3","volume":0.01},{"name":"mob\/camel\/eat4","volume":0.01},{"name":"mob\/camel\/eat5","volume":0.01}],"replace":true,"subtitle":"subtitles.entity.camel.eat"},"entity.camel.hurt":{"sounds":[{"name":"mob\/camel\/hurt1","volume":0.05},{"name":"mob\/camel\/hurt2","volume":0.05},{"name":"mob\/camel\/hurt3","volume":0.05},{"name":"mob\/camel\/hurt4","volume":0.05}],"replace":true,"subtitle":"subtitles.entity.camel.hurt"},"entity.camel.saddle":{"sounds":[{"name":"entity.horse.saddle","pitch":0.8,"type":"event"}],"replace":true,"subtitle":"subtitles.entity.camel.saddle"},"entity.camel.sit":{"sounds":[{"name":"mob\/camel\/sit1","volume":0.015},{"name":"mob\/camel\/sit2","volume":0.015},{"name":"mob\/camel\/sit3","volume":0.015},{"name":"mob\/camel\/sit4","volume":0.015}],"replace":true,"subtitle":"subtitles.entity.camel.sit"},"entity.camel.stand":{"sounds":[{"name":"mob\/camel\/stand1","volume":0.015},{"name":"mob\/camel\/stand2","volume":0.015},{"name":"mob\/camel\/stand3","volume":0.015},{"name":"mob\/camel\/stand4","volume":0.015},{"name":"mob\/camel\/stand5","volume":0.015}],"replace":true,"subtitle":"subtitles.entity.camel.stand"},"entity.camel.step":{"sounds":[{"name":"mob\/camel\/step1","volume":0.025},{"name":"mob\/camel\/step2","volume":0.025},{"name":"mob\/camel\/step3","volume":0.025},{"name":"mob\/camel\/step4","volume":0.025},{"name":"mob\/camel\/step5","volume":0.025},{"name":"mob\/camel\/step6","volume":0.025}],"replace":true,"subtitle":"subtitles.block.generic.footsteps"},"entity.camel.step_sand":{"sounds":[{"name":"mob\/camel\/step_sand1","volume":0.0225},{"name":"mob\/camel\/step_sand2","volume":0.0225},{"name":"mob\/camel\/step_sand3","volume":0.0225},{"name":"mob\/camel\/step_sand4","volume":0.0225},{"name":"mob\/camel\/step_sand5","volume":0.0225},{"name":"mob\/camel\/step_sand6","volume":0.0225}],"replace":true,"subtitle":"subtitles.block.generic.footsteps"},"entity.cat.ambient":{"sounds":[{"name":"mob\/cat\/meow1","volume":0.03},{"name":"mob\/cat\/meow2","volume":0.025},{"name":"mob\/cat\/meow3","volume":0.03},{"name":"mob\/cat\/meow4","volume":0.025}],"replace":true,"subtitle":"subtitles.entity.cat.ambient"},"entity.cat.beg_for_food":{"sounds":[{"name":"mob\/cat\/beg1","volume":0.035},{"name":"mob\/cat\/beg2","volume":0.035},{"name":"mob\/cat\/beg3","volume":0.035}],"replace":true,"subtitle":"subtitles.entity.cat.beg_for_food"},"entity.cat.death":{"sounds":[{"name":"mob\/cat\/hitt1","pitch":0.9,"volume":0.0375},{"name":"mob\/cat\/hitt2","pitch":0.9,"volume":0.0375},{"name":"mob\/cat\/hitt3","pitch":0.9,"volume":0.0375}],"replace":true,"subtitle":"subtitles.entity.cat.death"},"entity.cat.eat":{"sounds":[{"name":"mob\/cat\/eat1","volume":0.05},{"name":"mob\/cat\/eat2","volume":0.05}],"replace":true,"subtitle":"subtitles.entity.cat.eat"},"entity.cat.hiss":{"sounds":[{"name":"mob\/cat\/hiss1","volume":0.02},{"name":"mob\/cat\/hiss2","volume":0.02},{"name":"mob\/cat\/hiss3","volume":0.02}],"replace":true,"subtitle":"subtitles.entity.cat.hiss"},"entity.cat.hurt":{"sounds":[{"name":"mob\/cat\/hitt1","volume":0.0325},{"name":"mob\/cat\/hitt2","volume":0.0325},{"name":"mob\/cat\/hitt3","volume":0.0325}],"replace":true,"subtitle":"subtitles.entity.cat.hurt"},"entity.cat.purr":{"sounds":[{"name":"mob\/cat\/purr1","volume":0.035},{"name":"mob\/cat\/purr2","volume":0.035},{"name":"mob\/cat\/purr3","volume":0.035}],"replace":true,"subtitle":"subtitles.entity.cat.purr"},"entity.cat.purreow":{"sounds":[{"name":"mob\/cat\/purreow1","volume":0.025},{"name":"mob\/cat\/purreow2","volume":0.025}],"replace":true,"subtitle":"subtitles.entity.cat.ambient"},"entity.cat.stray_ambient":{"sounds":[{"name":"mob\/cat\/stray\/idle1","volume":0.0175},{"name":"mob\/cat\/stray\/idle2","volume":0.0175},{"name":"mob\/cat\/stray\/idle3","volume":0.0175},{"name":"mob\/cat\/stray\/idle4","volume":0.0175}],"replace":true,"subtitle":"subtitles.entity.cat.ambient"},"entity.chicken.ambient":{"sounds":[{"name":"mob\/chicken\/say1","volume":0.05},{"name":"mob\/chicken\/say2","volume":0.05},{"name":"mob\/chicken\/say3","volume":0.05}],"replace":true,"subtitle":"subtitles.entity.chicken.ambient"},"entity.chicken.death":{"sounds":[{"name":"mob\/chicken\/hurt1","volume":0.05},{"name":"mob\/chicken\/hurt2","volume":0.05}],"replace":true,"subtitle":"subtitles.entity.chicken.death"},"entity.chicken.egg":{"sounds":[{"name":"mob\/chicken\/plop","volume":0.05}],"replace":true,"subtitle":"subtitles.entity.chicken.egg"},"entity.chicken.hurt":{"sounds":[{"name":"mob\/chicken\/hurt1","volume":0.05},{"name":"mob\/chicken\/hurt2","volume":0.05}],"replace":true,"subtitle":"subtitles.entity.chicken.hurt"},"entity.chicken.step":{"sounds":[{"name":"mob\/chicken\/step1","volume":0.05},{"name":"mob\/chicken\/step2","volume":0.05}],"replace":true,"subtitle":"subtitles.block.generic.footsteps"},"entity.cow.ambient":{"sounds":[{"name":"mob\/cow\/say1","volume":0.05},{"name":"mob\/cow\/say2","volume":0.05},{"name":"mob\/cow\/say3","volume":0.05},{"name":"mob\/cow\/say4","volume":0.05}],"replace":true,"subtitle":"subtitles.entity.cow.ambient"},"entity.cow.death":{"sounds":[{"name":"mob\/cow\/hurt1","volume":0.05},{"name":"mob\/cow\/hurt2","volume":0.05},{"name":"mob\/cow\/hurt3","volume":0.05}],"replace":true,"subtitle":"subtitles.entity.cow.death"},"entity.cow.hurt":{"sounds":[{"name":"mob\/cow\/hurt1","volume":0.05},{"name":"mob\/cow\/hurt2","volume":0.05},{"name":"mob\/cow\/hurt3","volume":0.05}],"replace":true,"subtitle":"subtitles.entity.cow.hurt"},"entity.cow.milk":{"sounds":[{"name":"mob\/cow\/milk1","volume":0.05},{"name":"mob\/cow\/milk2","volume":0.05},{"name":"mob\/cow\/milk3","volume":0.05}],"replace":true,"subtitle":"subtitles.entity.cow.milk"},"entity.cow.step":{"sounds":[{"name":"mob\/cow\/step1","volume":0.05},{"name":"mob\/cow\/step2","volume":0.05},{"name":"mob\/cow\/step3","volume":0.05},{"name":"mob\/cow\/step4","volume":0.05}],"replace":true,"subtitle":"subtitles.block.generic.footsteps"},"entity.bee.death":{"sounds":[{"name":"mob\/bee\/death1","volume":0.05},{"name":"mob\/bee\/death2","volume":0.05}],"replace":true,"subtitle":"subtitles.entity.bee.death"},"entity.bee.hurt":{"sounds":["mob\/bee\/hurt1",{"name":"mob\/bee\/hurt1","pitch":0.06},"mob\/bee\/hurt2",{"name":"mob\/bee\/hurt2","pitch":0.06},"mob\/bee\/hurt3",{"name":"mob\/bee\/hurt3","pitch":0.06}],"replace":true,"subtitle":"subtitles.entity.bee.hurt"},"entity.bee.loop":{"sounds":[{"attenuation_distance":6,"name":"mob\/bee\/loop1","volume":0.03},{"attenuation_distance":6,"name":"mob\/bee\/loop2","volume":0.03},{"attenuation_distance":6,"name":"mob\/bee\/loop3","volume":0.0315},{"attenuation_distance":6,"name":"mob\/bee\/loop4","volume":0.0315},{"attenuation_distance":6,"name":"mob\/bee\/loop5","volume":0.035},{"attenuation_distance":6,"name":"mob\/bee\/loop5","volume":0.0375}],"replace":true,"subtitle":"subtitles.entity.bee.loop"},"entity.bee.loop_aggressive":{"sounds":[{"attenuation_distance":10,"name":"mob\/bee\/aggressive1","volume":0.04},{"attenuation_distance":10,"name":"mob\/bee\/aggressive2","volume":0.04},{"attenuation_distance":10,"name":"mob\/bee\/aggressive3","volume":0.04}],"replace":true,"subtitle":"subtitles.entity.bee.loop_aggressive"},"entity.bee.pollinate":{"sounds":[{"attenuation_distance":12,"name":"mob\/bee\/pollinate1","volume":0.04},{"attenuation_distance":12,"name":"mob\/bee\/pollinate2","volume":0.04},{"attenuation_distance":12,"name":"mob\/bee\/pollinate3","volume":0.04},{"attenuation_distance":12,"name":"mob\/bee\/pollinate4","volume":0.04}],"replace":true,"subtitle":"subtitles.entity.bee.pollinate"},"entity.bee.sting":{"sounds":["mob\/bee\/sting",{"name":"mob\/bee\/sting","pitch":0.04}],"replace":true,"subtitle":"subtitles.entity.bee.sting"},"block.beehive.drip":{"sounds":[{"attenuation_distance":8,"name":"block\/beehive\/drip1","pitch":0.7,"volume":0.015},{"attenuation_distance":8,"name":"block\/beehive\/drip1","pitch":0.9,"volume":0.015},{"attenuation_distance":8,"name":"block\/beehive\/drip2","pitch":0.7,"volume":0.015},{"attenuation_distance":8,"name":"block\/beehive\/drip2","pitch":0.9,"volume":0.015},{"attenuation_distance":8,"name":"block\/beehive\/drip3","pitch":0.7,"volume":0.015},{"attenuation_distance":8,"name":"block\/beehive\/drip3","pitch":0.9,"volume":0.015},{"attenuation_distance":8,"name":"block\/beehive\/drip4","pitch":0.7,"volume":0.015},{"attenuation_distance":8,"name":"block\/beehive\/drip4","pitch":0.9,"volume":0.015},{"attenuation_distance":8,"name":"block\/beehive\/drip5","pitch":0.7,"volume":0.015},{"attenuation_distance":8,"name":"block\/beehive\/drip5","pitch":0.9,"volume":0.015},{"attenuation_distance":8,"name":"block\/beehive\/drip6","pitch":0.7,"volume":0.015},{"attenuation_distance":8,"name":"block\/beehive\/drip6","pitch":0.9,"volume":0.015}],"replace":true,"subtitle":"subtitles.block.beehive.drip"},"block.beehive.enter":{"sounds":[{"attenuation_distance":14,"name":"block\/beehive\/enter","pitch":0.7,"volume":0.05},{"attenuation_distance":14,"name":"block\/beehive\/enter","pitch":0.8,"volume":0.05}],"replace":true,"subtitle":"subtitles.block.beehive.enter"},"block.beehive.exit":{"sounds":[{"attenuation_distance":14,"name":"block\/beehive\/exit","volume":0.05},{"attenuation_distance":14,"name":"block\/beehive\/exit","pitch":0.9,"volume":0.05},{"attenuation_distance":14,"name":"block\/beehive\/exit","pitch":1.1,"volume":0.05}],"replace":true,"subtitle":"subtitles.block.beehive.exit"},"block.beehive.shear":{"sounds":[{"name":"block\/beehive\/shear","volume":0.04},{"name":"block\/beehive\/shear","pitch":0.8,"volume":0.04},{"name":"block\/beehive\/shear","pitch":0.9,"volume":0.04}],"replace":true,"subtitle":"subtitles.block.beehive.shear"},"block.beehive.work":{"sounds":[{"attenuation_distance":12,"name":"block\/beehive\/work1","volume":0.03},{"attenuation_distance":12,"name":"block\/beehive\/work2","volume":0.03},{"attenuation_distance":12,"name":"block\/beehive\/work3","volume":0.03},{"attenuation_distance":12,"name":"block\/beehive\/work4","volume":0.03}],"replace":true,"subtitle":"subtitles.block.beehive.work"},"entity.bat.ambient":{"sounds":[{"name":"mob\/bat\/idle1","volume":0.05},{"name":"mob\/bat\/idle2","volume":0.05},{"name":"mob\/bat\/idle3","volume":0.05},{"name":"mob\/bat\/idle4","volume":0.05}],"replace":true,"subtitle":"subtitles.entity.bat.ambient"},"entity.bat.death":{"sounds":[{"name":"mob\/bat\/death","volume":0.05}],"replace":true,"subtitle":"subtitles.entity.bat.death"},"entity.bat.hurt":{"sounds":[{"name":"mob\/bat\/hurt1","volume":0.05},{"name":"mob\/bat\/hurt2","volume":0.05},{"name":"mob\/bat\/hurt3","volume":0.05},{"name":"mob\/bat\/hurt4","volume":0.05}],"replace":true,"subtitle":"subtitles.entity.bat.hurt"},"entity.bat.loop":{"sounds":[{"name":"mob\/bat\/loop","volume":0.05}]},"entity.bat.takeoff":{"sounds":[{"name":"mob\/bat\/takeoff","volume":0.05}],"replace":true,"subtitle":"subtitles.entity.bat.takeoff"},"entity.axolotl.attack":{"sounds":[{"name":"mob\/axolotl\/attack1","volume":0.025},{"name":"mob\/axolotl\/attack2","volume":0.025},{"name":"mob\/axolotl\/attack3","volume":0.025},{"name":"mob\/axolotl\/attack4","volume":0.025}],"replace":true,"subtitle":"subtitles.entity.axolotl.attack"},"entity.axolotl.death":{"sounds":[{"name":"mob\/axolotl\/death1","volume":0.05},{"name":"mob\/axolotl\/death2","volume":0.05}],"replace":true,"subtitle":"subtitles.entity.axolotl.death"},"entity.axolotl.hurt":{"sounds":[{"name":"mob\/axolotl\/hurt1"},{"name":"mob\/axolotl\/hurt2"},{"name":"mob\/axolotl\/hurt3"},{"name":"mob\/axolotl\/hurt4"}],"replace":true,"subtitle":"subtitles.entity.axolotl.hurt"},"entity.axolotl.idle_air":{"sounds":[{"name":"mob\/axolotl\/idle_air1","volume":0.05},{"name":"mob\/axolotl\/idle_air2","volume":0.05},{"name":"mob\/axolotl\/idle_air3","pitch":1.2,"volume":0.04},{"name":"mob\/axolotl\/idle_air4","volume":0.05},{"name":"mob\/axolotl\/idle_air5","volume":0.05}],"replace":true,"subtitle":"subtitles.entity.axolotl.idle_air"},"entity.axolotl.idle_water":{"sounds":[{"name":"mob\/axolotl\/idle1","volume":0.05},{"name":"mob\/axolotl\/idle2","volume":0.05},{"name":"mob\/axolotl\/idle3","volume":0.05},{"name":"mob\/axolotl\/idle4","volume":0.05},{"name":"mob\/axolotl\/idle5","volume":0.05}],"replace":true,"subtitle":"subtitles.entity.axolotl.idle_water"},"entity.axolotl.splash":{"sounds":[{"name":"mob\/dolphin\/splash1","pitch":1.2,"volume":0.045},{"name":"mob\/dolphin\/splash2","pitch":1.2,"volume":0.045},{"name":"mob\/dolphin\/splash3","pitch":1.2,"volume":0.045}],"replace":true,"subtitle":"subtitles.entity.axolotl.splash"},"entity.axolotl.swim":{"sounds":[{"name":"entity\/fish\/swim5","volume":0.05},{"name":"entity\/fish\/swim6","volume":0.05},{"name":"entity\/fish\/swim7","volume":0.05},{"name":"entity\/fish\/swim1","volume":0.05},{"name":"entity\/fish\/swim2","volume":0.05},{"name":"entity\/fish\/swim3","volume":0.05},{"name":"entity\/fish\/swim4","volume":0.05}],"replace":true,"subtitle":"subtitles.entity.axolotl.swim"},"entity.armadillo.ambient":{"sounds":[{"name":"mob\/armadillo\/ambient1","volume":0.05},{"name":"mob\/armadillo\/ambient2","volume":0.05},{"name":"mob\/armadillo\/ambient3","volume":0.05},{"name":"mob\/armadillo\/ambient4","volume":0.05},{"name":"mob\/armadillo\/ambient5","volume":0.05},{"name":"mob\/armadillo\/ambient6","volume":0.05},{"name":"mob\/armadillo\/ambient7","volume":0.05},{"name":"mob\/armadillo\/ambient8","volume":0.05}],"replace":true,"subtitle":"subtitles.entity.armadillo.ambient"},"entity.armadillo.brush":{"sounds":[{"name":"mob\/armadillo\/brush_armadillo1","volume":0.045},{"name":"mob\/armadillo\/brush_armadillo1","pitch":0.8,"volume":0.045},{"name":"mob\/armadillo\/brush_armadillo1","pitch":0.9,"volume":0.045},{"name":"mob\/armadillo\/brush_armadillo2","volume":0.045},{"name":"mob\/armadillo\/brush_armadillo2","pitch":0.8,"volume":0.045},{"name":"mob\/armadillo\/brush_armadillo2","pitch":0.9,"volume":0.045}],"replace":true,"subtitle":"subtitles.entity.armadillo.brush"},"entity.armadillo.death":{"sounds":[{"name":"mob\/armadillo\/death1","volume":0.05},{"name":"mob\/armadillo\/death2","volume":0.05},{"name":"mob\/armadillo\/death3","volume":0.05},{"name":"mob\/armadillo\/death4","volume":0.05}],"replace":true,"subtitle":"subtitles.entity.armadillo.death"},"entity.armadillo.eat":{"sounds":[{"name":"mob\/armadillo\/eat1","volume":0.05},{"name":"mob\/armadillo\/eat2","volume":0.05},{"name":"mob\/armadillo\/eat3","volume":0.05}],"replace":true,"subtitle":"subtitles.entity.armadillo.eat"},"entity.armadillo.hurt":{"sounds":[{"name":"mob\/armadillo\/hurt1","volume":0.05},{"name":"mob\/armadillo\/hurt2","volume":0.05},{"name":"mob\/armadillo\/hurt3","volume":0.05},{"name":"mob\/armadillo\/hurt4","volume":0.05},{"name":"mob\/armadillo\/hurt5","volume":0.05}],"replace":true,"subtitle":"subtitles.entity.armadillo.hurt"},"entity.armadillo.hurt_reduced":{"sounds":[{"name":"mob\/armadillo\/hurt_reduced1","volume":0.05},{"name":"mob\/armadillo\/hurt_reduced2","volume":0.05},{"name":"mob\/armadillo\/hurt_reduced3","volume":0.05},{"name":"mob\/armadillo\/hurt_reduced4","volume":0.05}],"replace":true,"subtitle":"subtitles.entity.armadillo.hurt_reduced"},"entity.armadillo.land":{"sounds":[{"name":"mob\/armadillo\/land1","volume":0.05},{"name":"mob\/armadillo\/land2","volume":0.05},{"name":"mob\/armadillo\/land3","volume":0.05},{"name":"mob\/armadillo\/land4","volume":0.05}],"replace":true,"subtitle":"subtitles.entity.armadillo.land"},"entity.armadillo.peek":{"sounds":[{"name":"mob\/armadillo\/peek","volume":0.05}],"replace":true,"subtitle":"subtitles.entity.armadillo.peek"},"entity.armadillo.roll":{"sounds":[{"name":"mob\/armadillo\/roll1","volume":0.05},{"name":"mob\/armadillo\/roll2","volume":0.05},{"name":"mob\/armadillo\/roll3","volume":0.05},{"name":"mob\/armadillo\/roll4","volume":0.05}],"replace":true,"subtitle":"subtitles.entity.armadillo.roll"},"entity.armadillo.scute_drop":{"sounds":[{"name":"mob\/armadillo\/scute_drop1","volume":0.05},{"name":"mob\/armadillo\/scute_drop1","pitch":0.9,"volume":0.05},{"name":"mob\/armadillo\/scute_drop2","volume":0.05},{"name":"mob\/armadillo\/scute_drop2","pitch":0.9,"volume":0.05}],"replace":true,"subtitle":"subtitles.entity.armadillo.scute_drop"},"entity.armadillo.step":{"sounds":[{"name":"mob\/armadillo\/step1","volume":0.05},{"name":"mob\/armadillo\/step2","volume":0.05},{"name":"mob\/armadillo\/step3","volume":0.05},{"name":"mob\/armadillo\/step4","volume":0.05},{"name":"mob\/armadillo\/step5","volume":0.05}],"replace":true,"subtitle":"subtitles.block.generic.footsteps"},"entity.armadillo.unroll_finish":{"sounds":[{"name":"mob\/armadillo\/unroll_finish1","volume":0.05},{"name":"mob\/armadillo\/unroll_finish2","volume":0.05}],"replace":true,"subtitle":"subtitles.entity.armadillo.unroll_finish"},"entity.armadillo.unroll_start":{"sounds":[{"name":"mob\/armadillo\/unroll_start","volume":0.05}],"replace":true,"subtitle":"subtitles.entity.armadillo.unroll_start"},"entity.allay.ambient_with_item":{"sounds":[{"name":"mob\/allay\/idle_with_item1","pitch":1.25,"volume":0.015},{"name":"mob\/allay\/idle_with_item2","pitch":1.25,"volume":0.015},{"name":"mob\/allay\/idle_with_item3","pitch":1.25,"volume":0.015},{"name":"mob\/allay\/idle_with_item4","pitch":1.25,"volume":0.015}],"replace":true,"subtitle":"subtitles.entity.allay.ambient_with_item"},"entity.allay.ambient_without_item":{"sounds":[{"name":"mob\/allay\/idle_without_item1","volume":0.0125},{"name":"mob\/allay\/idle_without_item2","volume":0.0125},{"name":"mob\/allay\/idle_without_item3","volume":0.0125},{"name":"mob\/allay\/idle_without_item4","volume":0.0125}],"replace":true,"subtitle":"subtitles.entity.allay.ambient_without_item"},"entity.allay.death":{"sounds":[{"name":"mob\/allay\/death1","volume":0.03},{"name":"mob\/allay\/death2","volume":0.03}],"replace":true,"subtitle":"subtitles.entity.allay.death"},"entity.allay.hurt":{"sounds":[{"name":"mob\/allay\/hurt1","pitch":1.5,"volume":0.04},{"name":"mob\/allay\/hurt2","pitch":1.5,"volume":0.04}],"replace":true,"subtitle":"subtitles.entity.allay.hurt"},"entity.allay.item_given":{"sounds":[{"name":"mob\/allay\/item_given1","volume":0.005},{"name":"mob\/allay\/item_given2","volume":0.005},{"name":"mob\/allay\/item_given3","volume":0.005},{"name":"mob\/allay\/item_given4","volume":0.005}],"replace":true,"subtitle":"subtitles.entity.allay.item_given"},"entity.allay.item_taken":{"sounds":[{"name":"mob\/allay\/item_taken1","pitch":1.25,"volume":0.005},{"name":"mob\/allay\/item_taken2","pitch":1.25,"volume":0.005},{"name":"mob\/allay\/item_taken3","pitch":1.25,"volume":0.005},{"name":"mob\/allay\/item_taken4","pitch":1.25,"volume":0.005}],"replace":true,"subtitle":"subtitles.entity.allay.item_taken"},"entity.allay.item_thrown":{"sounds":[{"name":"mob\/allay\/item_thrown1","volume":0.0125}],"replace":true,"subtitle":"subtitles.entity.allay.item_thrown"},"entity.wither.ambient":{"sounds":[{"name":"mob\/wither\/idle1","volume":0.05},{"name":"mob\/wither\/idle2","volume":0.05},{"name":"mob\/wither\/idle3","volume":0.05},{"name":"mob\/wither\/idle4","volume":0.05}],"replace":true,"subtitle":"subtitles.entity.wither.ambient"},"entity.wither.break_block":{"sounds":[{"name":"mob\/zombie\/woodbreak","volume":0.05}],"replace":true,"subtitle":"subtitles.entity.wither.shoot"},"entity.wither.death":{"sounds":[{"name":"mob\/wither\/death","volume":0.05}],"replace":true,"subtitle":"subtitles.entity.wither.death"},"entity.wither.hurt":{"sounds":[{"name":"mob\/wither\/hurt1","volume":0.05},{"name":"mob\/wither\/hurt2","volume":0.05},{"name":"mob\/wither\/hurt3","volume":0.05},{"name":"mob\/wither\/hurt4","volume":0.05}],"replace":true,"subtitle":"subtitles.entity.wither.hurt"},"entity.wither.shoot":{"sounds":[{"name":"mob\/wither\/shoot","volume":0.05}],"replace":true,"subtitle":"subtitles.entity.wither.shoot"},"entity.wither.spawn":{"sounds":[{"name":"mob\/wither\/spawn","volume":0.05}],"replace":true,"subtitle":"subtitles.entity.wither.spawn"}}