{"block.portal.ambient":{"sounds":[{"attenuation_distance":10,"name":"portal\/portal","volume":0.05}],"replace":true,"subtitle":"subtitles.block.portal.ambient"},"block.portal.travel":{"sounds":[{"name":"portal\/travel","volume":0.05}],"replace":true},"block.portal.trigger":{"sounds":[{"name":"portal\/trigger","volume":0.05}],"replace":true,"subtitle":"subtitles.block.portal.trigger"},"block.piston.contract":{"sounds":[{"name":"tile\/piston\/in","volume":0.05}],"replace":true,"subtitle":"subtitles.block.piston.move"},"block.piston.extend":{"sounds":[{"name":"tile\/piston\/out","volume":0.05}],"replace":true,"subtitle":"subtitles.block.piston.move"},"entity.minecart.inside":{"sounds":[{"name":"minecart\/inside","volume":0.05}],"replace":true},"entity.minecart.inside.underwater":{"sounds":[{"name":"minecart\/inside_underwater1","volume":0.05},{"name":"minecart\/inside_underwater2","volume":0.05},{"name":"minecart\/inside_underwater3","volume":0.05}],"replace":true},"entity.minecart.riding":{"sounds":[{"name":"minecart\/base","volume":0.05}],"replace":true,"subtitle":"subtitles.entity.minecart.riding"},"block.dispenser.dispense":{"sounds":[{"name":"random\/click","volume":0.05}],"replace":true,"subtitle":"subtitles.block.dispenser.dispense"},"block.dispenser.fail":{"sounds":[{"name":"random\/click","volume":0.05}],"replace":true,"subtitle":"subtitles.block.dispenser.fail"},"block.dispenser.launch":{"sounds":[{"name":"random\/bow","volume":0.05}],"replace":true,"subtitle":"subtitles.block.dispenser.dispense"},"entity.generic.explode":{"sounds":[{"name":"random\/explode1","volume":0.05},{"name":"random\/explode2","volume":0.05},{"name":"random\/explode3","volume":0.05},{"name":"random\/explode4","volume":0.05}],"replace":true,"subtitle":"subtitles.entity.generic.explode"},"entity.sheep.ambient":{"sounds":[{"name":"mob\/sheep\/say1","volume":0.05},{"name":"mob\/sheep\/say2","volume":0.05},{"name":"mob\/sheep\/say3","volume":0.05}],"replace":true,"subtitle":"subtitles.entity.sheep.ambient"},"entity.sheep.death":{"sounds":["mob\/sheep\/say1","mob\/sheep\/say2","mob\/sheep\/say3"],"subtitle":"subtitles.entity.sheep.death"},"entity.sheep.hurt":{"sounds":[{"name":"mob\/sheep\/say1","volume":0.05},{"name":"mob\/sheep\/say2","volume":0.05},{"name":"mob\/sheep\/say3","volume":0.05}],"replace":true,"subtitle":"subtitles.entity.sheep.hurt"},"entity.sheep.shear":{"sounds":[{"name":"mob\/sheep\/shear","volume":0.05}],"replace":true,"subtitle":"subtitles.item.shears.shear"},"entity.sheep.step":{"sounds":[{"name":"mob\/sheep\/step1","volume":0.05},{"name":"mob\/sheep\/step2","volume":0.05},{"name":"mob\/sheep\/step3","volume":0.05},{"name":"mob\/sheep\/step4","volume":0.05},{"name":"mob\/sheep\/step5","volume":0.05}],"replace":true,"subtitle":"subtitles.block.generic.footsteps"},"entity.frog.ambient":{"sounds":[{"name":"mob\/frog\/idle1","pitch":0.95,"volume":0.04},{"name":"mob\/frog\/idle2","pitch":0.9},{"name":"mob\/frog\/idle3","pitch":0.9,"volume":0.045},{"name":"mob\/frog\/idle4","pitch":0.95,"volume":0.04},{"name":"mob\/frog\/idle5","pitch":0.9,"volume":0.0425},{"name":"mob\/frog\/idle6","pitch":0.9,"volume":0.045},{"name":"mob\/frog\/idle7","pitch":0.9,"volume":0.035},{"name":"mob\/frog\/idle8","pitch":0.9,"volume":0.015}],"replace":true,"subtitle":"subtitles.entity.frog.ambient"},"entity.frog.death":{"sounds":[{"name":"mob\/frog\/death1","volume":0.05},{"name":"mob\/frog\/death2","volume":0.05},{"name":"mob\/frog\/death3","volume":0.05}],"replace":true,"subtitle":"subtitles.entity.frog.death"},"entity.frog.eat":{"sounds":[{"name":"mob\/frog\/eat1","volume":0.6},{"name":"mob\/frog\/eat1","pitch":0.9,"volume":0.03},{"name":"mob\/frog\/eat2","volume":0.03},{"name":"mob\/frog\/eat2","pitch":0.9,"volume":0.03},{"name":"mob\/frog\/eat3","volume":0.03},{"name":"mob\/frog\/eat3","pitch":0.9,"volume":0.03},{"name":"mob\/frog\/eat4","volume":0.03},{"name":"mob\/frog\/eat4","pitch":0.9,"volume":0.03}],"replace":true,"subtitle":"subtitles.entity.frog.eat"},"entity.frog.hurt":{"sounds":[{"name":"mob\/frog\/hurt1","volume":0.05},{"name":"mob\/frog\/hurt2","volume":0.05},{"name":"mob\/frog\/hurt3","volume":0.05},{"name":"mob\/frog\/hurt4","volume":0.05},{"name":"mob\/frog\/hurt5","volume":0.05}],"replace":true,"subtitle":"subtitles.entity.frog.hurt"},"entity.frog.lay_spawn":{"sounds":[{"name":"mob\/frog\/lay_spawn1","volume":0.0125},{"name":"mob\/frog\/lay_spawn2","volume":0.0125}],"replace":true,"subtitle":"subtitles.entity.frog.lay_spawn"},"entity.frog.long_jump":{"sounds":[{"name":"mob\/frog\/long_jump1","volume":0.006},{"name":"mob\/frog\/long_jump1","pitch":0.8,"volume":0.006},{"name":"mob\/frog\/long_jump2","volume":0.006},{"name":"mob\/frog\/long_jump2","pitch":0.8,"volume":0.006},{"name":"mob\/frog\/long_jump3","volume":0.006},{"name":"mob\/frog\/long_jump3","pitch":0.8,"volume":0.006},{"name":"mob\/frog\/long_jump4","volume":0.006},{"name":"mob\/frog\/long_jump4","pitch":0.8,"volume":0.006}],"replace":true,"subtitle":"subtitles.entity.frog.long_jump"},"entity.frog.step":{"sounds":[{"name":"mob\/frog\/step1","volume":0.05},{"name":"mob\/frog\/step2","volume":0.05},{"name":"mob\/frog\/step3","volume":0.05},{"name":"mob\/frog\/step4","volume":0.05}],"replace":true,"subtitle":"subtitles.block.generic.footsteps"},"entity.frog.tongue":{"sounds":[{"name":"mob\/frog\/tongue1","volume":0.025},{"name":"mob\/frog\/tongue2","volume":0.025},{"name":"mob\/frog\/tongue3","volume":0.025},{"name":"mob\/frog\/tongue4","volume":0.025}],"replace":true},"entity.chicken.ambient":{"sounds":[{"name":"mob\/chicken\/say1","volume":0.05},{"name":"mob\/chicken\/say2","volume":0.05},{"name":"mob\/chicken\/say3","volume":0.05}],"replace":true,"subtitle":"subtitles.entity.chicken.ambient"},"entity.chicken.death":{"sounds":[{"name":"mob\/chicken\/hurt1","volume":0.05},{"name":"mob\/chicken\/hurt2","volume":0.05}],"replace":true,"subtitle":"subtitles.entity.chicken.death"},"entity.chicken.egg":{"sounds":[{"name":"mob\/chicken\/plop","volume":0.05}],"replace":true,"subtitle":"subtitles.entity.chicken.egg"},"entity.chicken.hurt":{"sounds":[{"name":"mob\/chicken\/hurt1","volume":0.05},{"name":"mob\/chicken\/hurt2","volume":0.05}],"replace":true,"subtitle":"subtitles.entity.chicken.hurt"},"entity.chicken.step":{"sounds":[{"name":"mob\/chicken\/step1","volume":0.05},{"name":"mob\/chicken\/step2","volume":0.05}],"replace":true,"subtitle":"subtitles.block.generic.footsteps"},"entity.cow.ambient":{"sounds":[{"name":"mob\/cow\/say1","volume":0.05},{"name":"mob\/cow\/say2","volume":0.05},{"name":"mob\/cow\/say3","volume":0.05},{"name":"mob\/cow\/say4","volume":0.05}],"replace":true,"subtitle":"subtitles.entity.cow.ambient"},"entity.cow.death":{"sounds":[{"name":"mob\/cow\/hurt1","volume":0.05},{"name":"mob\/cow\/hurt2","volume":0.05},{"name":"mob\/cow\/hurt3","volume":0.05}],"replace":true,"subtitle":"subtitles.entity.cow.death"},"entity.cow.hurt":{"sounds":[{"name":"mob\/cow\/hurt1","volume":0.05},{"name":"mob\/cow\/hurt2","volume":0.05},{"name":"mob\/cow\/hurt3","volume":0.05}],"replace":true,"subtitle":"subtitles.entity.cow.hurt"},"entity.cow.milk":{"sounds":[{"name":"mob\/cow\/milk1","volume":0.05},{"name":"mob\/cow\/milk2","volume":0.05},{"name":"mob\/cow\/milk3","volume":0.05}],"replace":true,"subtitle":"subtitles.entity.cow.milk"},"entity.cow.step":{"sounds":[{"name":"mob\/cow\/step1","volume":0.05},{"name":"mob\/cow\/step2","volume":0.05},{"name":"mob\/cow\/step3","volume":0.05},{"name":"mob\/cow\/step4","volume":0.05}],"replace":true,"subtitle":"subtitles.block.generic.footsteps"},"entity.wither.ambient":{"sounds":[{"name":"mob\/wither\/idle1","volume":0.05},{"name":"mob\/wither\/idle2","volume":0.05},{"name":"mob\/wither\/idle3","volume":0.05},{"name":"mob\/wither\/idle4","volume":0.05}],"replace":true,"subtitle":"subtitles.entity.wither.ambient"},"entity.wither.break_block":{"sounds":[{"name":"mob\/zombie\/woodbreak","volume":0.05}],"replace":true,"subtitle":"subtitles.entity.wither.shoot"},"entity.wither.death":{"sounds":[{"name":"mob\/wither\/death","volume":0.05}],"replace":true,"subtitle":"subtitles.entity.wither.death"},"entity.wither.hurt":{"sounds":[{"name":"mob\/wither\/hurt1","volume":0.05},{"name":"mob\/wither\/hurt2","volume":0.05},{"name":"mob\/wither\/hurt3","volume":0.05},{"name":"mob\/wither\/hurt4","volume":0.05}],"replace":true,"subtitle":"subtitles.entity.wither.hurt"},"entity.wither.shoot":{"sounds":[{"name":"mob\/wither\/shoot","volume":0.05}],"replace":true,"subtitle":"subtitles.entity.wither.shoot"},"entity.wither.spawn":{"sounds":[{"name":"mob\/wither\/spawn","volume":0.05}],"replace":true,"subtitle":"subtitles.entity.wither.spawn"},"entity.villager.ambient":{"sounds":[{"name":"mob\/villager\/idle1","volume":0.05},{"name":"mob\/villager\/idle2","volume":0.05},{"name":"mob\/villager\/idle3","volume":0.05}],"replace":true,"subtitle":"subtitles.entity.villager.ambient"},"entity.villager.celebrate":{"sounds":[{"name":"mob\/villager\/yes1","volume":0.05},{"name":"mob\/villager\/yes2","volume":0.05},{"name":"mob\/villager\/yes3","volume":0.05}],"replace":true,"subtitle":"subtitles.entity.villager.celebrate"},"entity.villager.death":{"sounds":[{"name":"mob\/villager\/death","volume":0.05}],"replace":true,"subtitle":"subtitles.entity.villager.death"},"entity.villager.hurt":{"sounds":[{"name":"mob\/villager\/hit1","volume":0.05},{"name":"mob\/villager\/hit2","volume":0.05},{"name":"mob\/villager\/hit3","volume":0.05},{"name":"mob\/villager\/hit4","volume":0.05}],"replace":true,"subtitle":"subtitles.entity.villager.hurt"},"entity.villager.no":{"sounds":[{"name":"mob\/villager\/no1","volume":0.05},{"name":"mob\/villager\/no2","volume":0.05},{"name":"mob\/villager\/no3","volume":0.05}],"replace":true,"subtitle":"subtitles.entity.villager.no"},"entity.villager.trade":{"sounds":[{"name":"mob\/villager\/haggle1","volume":0.05},{"name":"mob\/villager\/haggle2","volume":0.05},{"name":"mob\/villager\/haggle3","volume":0.05}],"replace":true,"subtitle":"subtitles.entity.villager.trade"},"entity.villager.work_armorer":{"sounds":[{"name":"block\/blastfurnace\/blastfurnace1","volume":0.05},{"name":"block\/blastfurnace\/blastfurnace2","volume":0.05},{"name":"block\/blastfurnace\/blastfurnace3","volume":0.05},{"name":"block\/blastfurnace\/blastfurnace4","volume":0.05},{"name":"block\/blastfurnace\/blastfurnace5","volume":0.05}],"replace":true,"subtitle":"subtitles.entity.villager.work_armorer"},"entity.villager.work_butcher":{"sounds":[{"name":"block\/smoker\/smoker1","volume":0.05},{"name":"block\/smoker\/smoker2","volume":0.05},{"name":"block\/smoker\/smoker3","volume":0.05},{"name":"block\/smoker\/smoker4","volume":0.05},{"name":"block\/smoker\/smoker5","volume":0.05}],"replace":true,"subtitle":"subtitles.entity.villager.work_butcher"},"entity.villager.work_cartographer":{"sounds":[{"name":"ui\/cartography_table\/drawmap1","volume":0.05},{"name":"ui\/cartography_table\/drawmap2","volume":0.05},{"name":"ui\/cartography_table\/drawmap3","volume":0.05}],"replace":true,"subtitle":"subtitles.entity.villager.work_cartographer"},"entity.villager.work_cleric":{"sounds":[{"name":"block\/brewing_stand\/brew1","volume":0.05},{"name":"block\/brewing_stand\/brew2","volume":0.05}],"replace":true,"subtitle":"subtitles.entity.villager.work_cleric"},"entity.villager.work_farmer":{"sounds":[{"name":"block\/composter\/fill_success1","volume":0.05},{"name":"block\/composter\/fill_success2","volume":0.05},{"name":"block\/composter\/fill_success3","volume":0.05},{"name":"block\/composter\/fill_success4","volume":0.05}],"replace":true,"subtitle":"subtitles.entity.villager.work_farmer"},"entity.villager.work_fisherman":{"sounds":[{"name":"block\/barrel\/open1","volume":0.05},{"name":"block\/barrel\/open2","volume":0.05}],"replace":true,"subtitle":"subtitles.entity.villager.work_fisherman"},"entity.villager.work_fletcher":{"sounds":[{"name":"block\/fletching_table\/fletching_table1","volume":0.05},{"name":"block\/fletching_table\/fletching_table2","volume":0.05}],"replace":true,"subtitle":"subtitles.entity.villager.work_fletcher"},"entity.villager.work_leatherworker":{"sounds":[{"name":"block\/cauldron\/dye1","volume":0.045},{"name":"block\/cauldron\/dye2","volume":0.045},{"name":"block\/cauldron\/dye3","volume":0.045}],"replace":true,"subtitle":"subtitles.entity.villager.work_leatherworker"},"entity.villager.work_librarian":{"sounds":[{"name":"item\/book\/open_flip1","volume":0.1},{"name":"item\/book\/open_flip2","volume":0.1},{"name":"item\/book\/open_flip3","volume":0.1}],"replace":true,"subtitle":"subtitles.entity.villager.work_librarian"},"entity.villager.work_mason":{"sounds":[{"name":"ui\/stonecutter\/cut1","pitch":0.92,"volume":0.05},{"name":"ui\/stonecutter\/cut1","volume":0.05},{"name":"ui\/stonecutter\/cut2","pitch":0.92,"volume":0.05},{"name":"ui\/stonecutter\/cut2","volume":0.05}],"replace":true,"subtitle":"subtitles.entity.villager.work_mason"},"entity.villager.work_shepherd":{"sounds":[{"name":"ui\/loom\/take_result1","volume":0.025},{"name":"ui\/loom\/take_result2","volume":0.025}],"replace":true,"subtitle":"subtitles.entity.villager.work_shepherd"},"entity.villager.work_toolsmith":{"sounds":[{"name":"block\/smithing_table\/smithing_table1","volume":0.05},{"name":"block\/smithing_table\/smithing_table2","volume":0.05},{"name":"block\/smithing_table\/smithing_table3","volume":0.05}],"replace":true,"subtitle":"subtitles.entity.villager.work_toolsmith"},"entity.villager.work_weaponsmith":{"sounds":[{"name":"block\/grindstone\/grindstone1","volume":0.025},{"name":"block\/grindstone\/grindstone2","volume":0.025},{"name":"block\/grindstone\/grindstone3","volume":0.025}],"replace":true,"subtitle":"subtitles.entity.villager.work_weaponsmith"},"entity.villager.yes":{"sounds":[{"name":"mob\/villager\/yes1","volume":0.025},{"name":"mob\/villager\/yes2","volume":0.025},{"name":"mob\/villager\/yes3","volume":0.025}],"replace":true,"subtitle":"subtitles.entity.villager.yes"},"entity.wandering_trader.ambient":{"sounds":[{"name":"mob\/wandering_trader\/idle1","volume":0.05},{"name":"mob\/wandering_trader\/idle2","volume":0.05},{"name":"mob\/wandering_trader\/idle3","volume":0.05},{"name":"mob\/wandering_trader\/idle4","volume":0.05},{"name":"mob\/wandering_trader\/idle5","volume":0.05}],"replace":true,"subtitle":"subtitles.entity.wandering_trader.ambient"},"entity.wandering_trader.death":{"sounds":[{"name":"mob\/wandering_trader\/death","volume":0.05}],"replace":true,"subtitle":"subtitles.entity.wandering_trader.death"},"entity.wandering_trader.disappeared":{"sounds":[{"name":"mob\/wandering_trader\/disappeared1","volume":0.04},{"name":"mob\/wandering_trader\/disappeared2","volume":0.04}],"replace":true,"subtitle":"subtitles.entity.wandering_trader.disappeared"},"entity.wandering_trader.drink_milk":{"sounds":[{"name":"mob\/wandering_trader\/drink_milk1","volume":0.05},{"name":"mob\/wandering_trader\/drink_milk2","volume":0.05},{"name":"mob\/wandering_trader\/drink_milk3","volume":0.05},{"name":"mob\/wandering_trader\/drink_milk4","volume":0.05},{"name":"mob\/wandering_trader\/drink_milk5","volume":0.05}],"replace":true,"subtitle":"subtitles.entity.wandering_trader.drink_milk"},"entity.wandering_trader.drink_potion":{"sounds":[{"name":"mob\/wandering_trader\/drink_potion","volume":0.035},{"name":"random\/drink","volume":0.0325}],"replace":true,"subtitle":"subtitles.entity.wandering_trader.drink_potion"},"entity.wandering_trader.hurt":{"sounds":[{"name":"mob\/wandering_trader\/hurt1","volume":0.05},{"name":"mob\/wandering_trader\/hurt2","volume":0.05},{"name":"mob\/wandering_trader\/hurt3","volume":0.05},{"name":"mob\/wandering_trader\/hurt4","volume":0.05}],"replace":true,"subtitle":"subtitles.entity.wandering_trader.hurt"},"entity.wandering_trader.no":{"sounds":[{"name":"mob\/wandering_trader\/no1","volume":0.05},{"name":"mob\/wandering_trader\/no2","volume":0.05},{"name":"mob\/wandering_trader\/no3","volume":0.05},{"name":"mob\/wandering_trader\/no4","volume":0.05},{"name":"mob\/wandering_trader\/no5","volume":0.05}],"replace":true,"subtitle":"subtitles.entity.wandering_trader.no"},"entity.wandering_trader.reappeared":{"sounds":[{"name":"mob\/wandering_trader\/reappeared1","volume":0.04},{"name":"mob\/wandering_trader\/reappeared2","volume":0.04}],"replace":true,"subtitle":"subtitles.entity.wandering_trader.reappeared"},"entity.wandering_trader.trade":{"sounds":[{"name":"mob\/wandering_trader\/haggle1","volume":0.05},{"name":"mob\/wandering_trader\/haggle2","volume":0.05},{"name":"mob\/wandering_trader\/haggle3","volume":0.05}],"replace":true,"subtitle":"subtitles.entity.wandering_trader.trade"},"entity.wandering_trader.yes":{"sounds":[{"name":"mob\/wandering_trader\/yes1","volume":0.05},{"name":"mob\/wandering_trader\/yes2","volume":0.05},{"name":"mob\/wandering_trader\/yes3","volume":0.05},{"name":"mob\/wandering_trader\/yes4","volume":0.05}],"replace":true,"subtitle":"subtitles.entity.wandering_trader.yes"}}