{"block.piston.contract":{"sounds":[{"name":"tile\/piston\/in","volume":0.05}],"replace":true,"subtitle":"subtitles.block.piston.move"},"block.piston.extend":{"sounds":[{"name":"tile\/piston\/out","volume":0.05}],"replace":true,"subtitle":"subtitles.block.piston.move"},"ambient.underwater.enter":{"sounds":[{"name":"ambient\/underwater\/enter1","volume":0.025},{"name":"ambient\/underwater\/enter2","volume":0.025},{"name":"ambient\/underwater\/enter3","volume":0.025}],"replace":true},"ambient.underwater.exit":{"sounds":[{"name":"ambient\/underwater\/exit1","volume":0.015},{"name":"ambient\/underwater\/exit2","volume":0.015},{"name":"ambient\/underwater\/exit3","volume":0.015}],"replace":true},"ambient.underwater.loop":{"sounds":[{"name":"ambient\/underwater\/underwater_ambience","stream":true,"volume":0.0325}],"replace":true},"ambient.underwater.loop.additions":{"sounds":[{"name":"ambient\/underwater\/additions\/bubbles1","volume":0.05},{"name":"ambient\/underwater\/additions\/bubbles2","volume":0.05},{"name":"ambient\/underwater\/additions\/bubbles3","volume":0.05},{"name":"ambient\/underwater\/additions\/bubbles4","volume":0.05},{"name":"ambient\/underwater\/additions\/bubbles5","volume":0.05},{"name":"ambient\/underwater\/additions\/bubbles6","volume":0.05},{"name":"ambient\/underwater\/additions\/water1","volume":0.05},{"name":"ambient\/underwater\/additions\/water2","volume":0.05}],"replace":true},"ambient.underwater.loop.additions.rare":{"sounds":[{"name":"ambient\/underwater\/additions\/animal1","volume":0.0225},{"name":"ambient\/underwater\/additions\/bass_whale1","volume":0.0225},{"name":"ambient\/underwater\/additions\/bass_whale2","volume":0.025},{"name":"ambient\/underwater\/additions\/crackles1","volume":0.035},{"name":"ambient\/underwater\/additions\/crackles2","volume":0.05},{"name":"ambient\/underwater\/additions\/driplets1","volume":0.025},{"name":"ambient\/underwater\/additions\/driplets2","volume":0.025},{"name":"ambient\/underwater\/additions\/earth_crack","volume":0.05}],"replace":true},"ambient.underwater.loop.additions.ultra_rare":{"sounds":[{"name":"ambient\/underwater\/additions\/animal2","volume":0.05},{"name":"ambient\/underwater\/additions\/dark1","volume":0.05},{"name":"ambient\/underwater\/additions\/dark2","volume":0.035},{"name":"ambient\/underwater\/additions\/dark3","volume":0.05},{"name":"ambient\/underwater\/additions\/dark4","volume":0.05}],"replace":true},"block.pointed_dripstone.drip_water":{"sounds":[{"name":"block\/pointed_dripstone\/drip_water1","volume":0.05},{"name":"block\/pointed_dripstone\/drip_water2","volume":0.05},{"name":"block\/pointed_dripstone\/drip_water3","volume":0.05},{"name":"block\/pointed_dripstone\/drip_water4","volume":0.05},{"name":"block\/pointed_dripstone\/drip_water5","volume":0.05},{"name":"block\/pointed_dripstone\/drip_water6","volume":0.05},{"name":"block\/pointed_dripstone\/drip_water7","volume":0.05},{"name":"block\/pointed_dripstone\/drip_water8","volume":0.05},{"name":"block\/pointed_dripstone\/drip_water9","volume":0.05},{"name":"block\/pointed_dripstone\/drip_water10","volume":0.05},{"name":"block\/pointed_dripstone\/drip_water11","volume":0.05},{"name":"block\/pointed_dripstone\/drip_water12","volume":0.05},{"name":"block\/pointed_dripstone\/drip_water13","volume":0.05},{"name":"block\/pointed_dripstone\/drip_water14","volume":0.05},{"name":"block\/pointed_dripstone\/drip_water15","volume":0.05}],"replace":true,"subtitle":"subtitles.block.pointed_dripstone.drip_water"},"block.pointed_dripstone.drip_water_into_cauldron":{"sounds":[{"name":"block\/pointed_dripstone\/drip_water_cauldron1","volume":0.05},{"name":"block\/pointed_dripstone\/drip_water_cauldron2","volume":0.05},{"name":"block\/pointed_dripstone\/drip_water_cauldron3","volume":0.05},{"name":"block\/pointed_dripstone\/drip_water_cauldron4","volume":0.05},{"name":"block\/pointed_dripstone\/drip_water_cauldron5","volume":0.05},{"name":"block\/pointed_dripstone\/drip_water_cauldron6","volume":0.05},{"name":"block\/pointed_dripstone\/drip_water_cauldron7","volume":0.05},{"name":"block\/pointed_dripstone\/drip_water_cauldron8","volume":0.05}],"replace":true,"subtitle":"subtitles.block.pointed_dripstone.drip_water_into_cauldron"},"block.water.ambient":{"sounds":[{"name":"liquid\/water","volume":0.05}],"replace":true,"subtitle":"subtitles.block.water.ambient"},"entity.player.swim":{"sounds":[{"name":"liquid\/swim5","volume":0.05},{"name":"liquid\/swim6","volume":0.05},{"name":"liquid\/swim7","volume":0.05},{"name":"liquid\/swim8","volume":0.05},{"name":"liquid\/swim9","volume":0.05},{"name":"liquid\/swim10","volume":0.05},{"name":"liquid\/swim11","volume":0.05},{"name":"liquid\/swim12","volume":0.05},{"name":"liquid\/swim13","volume":0.05},{"name":"liquid\/swim14","volume":0.05},{"name":"liquid\/swim15","volume":0.05},{"name":"liquid\/swim16","volume":0.05},{"name":"liquid\/swim17","volume":0.05},{"name":"liquid\/swim18","volume":0.05}],"replace":true,"subtitle":"subtitles.entity.generic.swim"},"block.portal.ambient":{"sounds":[{"attenuation_distance":10,"name":"portal\/portal","volume":0.05}],"replace":true,"subtitle":"subtitles.block.portal.ambient"},"block.portal.travel":{"sounds":[{"name":"portal\/travel","volume":0.05}],"replace":true},"block.portal.trigger":{"sounds":[{"name":"portal\/trigger","volume":0.05}],"replace":true,"subtitle":"subtitles.block.portal.trigger"},"entity.minecart.inside":{"sounds":[{"name":"minecart\/inside","volume":0.05}],"replace":true},"entity.minecart.inside.underwater":{"sounds":[{"name":"minecart\/inside_underwater1","volume":0.05},{"name":"minecart\/inside_underwater2","volume":0.05},{"name":"minecart\/inside_underwater3","volume":0.05}],"replace":true},"entity.minecart.riding":{"sounds":[{"name":"minecart\/base","volume":0.05}],"replace":true,"subtitle":"subtitles.entity.minecart.riding"},"block.dispenser.dispense":{"sounds":[{"name":"random\/click","volume":0.05}],"replace":true,"subtitle":"subtitles.block.dispenser.dispense"},"block.dispenser.fail":{"sounds":[{"name":"random\/click","volume":0.05}],"replace":true,"subtitle":"subtitles.block.dispenser.fail"},"block.dispenser.launch":{"sounds":[{"name":"random\/bow","volume":0.05}],"replace":true,"subtitle":"subtitles.block.dispenser.dispense"},"entity.generic.explode":{"sounds":[{"name":"random\/explode1","volume":0.05},{"name":"random\/explode2","volume":0.05},{"name":"random\/explode3","volume":0.05},{"name":"random\/explode4","volume":0.05}],"replace":true,"subtitle":"subtitles.entity.generic.explode"},"entity.lightning_bolt.thunder":{"sounds":[{"name":"ambient\/weather\/thunder1","volume":0.05},{"name":"ambient\/weather\/thunder2","volume":0.05},{"name":"ambient\/weather\/thunder3","volume":0.05}],"replace":true,"subtitle":"subtitles.entity.lightning_bolt.thunder"},"item.trident.thunder":{"sounds":[{"name":"item\/trident\/thunder1","volume":0.05},{"name":"item\/trident\/thunder2","volume":0.05}],"replace":true,"subtitle":"subtitles.item.trident.thunder"},"weather.rain":{"sounds":[{"name":"ambient\/weather\/rain1","volume":0.05},{"name":"ambient\/weather\/rain2","volume":0.05},{"name":"ambient\/weather\/rain3","volume":0.05},{"name":"ambient\/weather\/rain4","volume":0.05},{"name":"ambient\/weather\/rain5","volume":0.05},{"name":"ambient\/weather\/rain6","volume":0.05},{"name":"ambient\/weather\/rain7","volume":0.05},{"name":"ambient\/weather\/rain8","volume":0.05}],"replace":true,"subtitle":"subtitles.weather.rain"},"weather.rain.above":{"sounds":[{"name":"ambient\/weather\/rain1","volume":0.05},{"name":"ambient\/weather\/rain2","volume":0.05},{"name":"ambient\/weather\/rain3","volume":0.05},{"name":"ambient\/weather\/rain4","volume":0.05}],"replace":true,"subtitle":"subtitles.weather.rain"},"entity.sniffer.death":{"sounds":[{"name":"mob\/sniffer\/death1","volume":0.05},{"name":"mob\/sniffer\/death2","volume":0.05}],"replace":true,"subtitle":"subtitles.entity.sniffer.death"},"entity.sniffer.digging":{"sounds":[{"name":"mob\/sniffer\/longdig1","volume":0.05},{"name":"mob\/sniffer\/longdig2","volume":0.05}],"replace":true,"subtitle":"subtitles.entity.sniffer.digging"},"entity.sniffer.digging_stop":{"sounds":[{"name":"mob\/sniffer\/digging_stop1","volume":0.05},{"name":"mob\/sniffer\/digging_stop2","volume":0.05}],"replace":true,"subtitle":"subtitles.entity.sniffer.digging_stop"},"entity.sniffer.drop_seed":{"sounds":[{"name":"random\/pop","pitch":0.6,"volume":0.04},{"name":"random\/pop","pitch":0.7,"volume":0.04},{"name":"random\/pop","pitch":0.8,"volume":0.04}],"replace":true,"subtitle":"subtitles.entity.sniffer.drop_seed"},"entity.sniffer.eat":{"sounds":[{"name":"mob\/sniffer\/eat1","volume":0.035},{"name":"mob\/sniffer\/eat2","volume":0.035},{"name":"mob\/sniffer\/eat3","volume":0.035}],"replace":true,"subtitle":"subtitles.entity.sniffer.eat"},"entity.sniffer.happy":{"sounds":[{"name":"mob\/sniffer\/happy1","volume":0.05},{"name":"mob\/sniffer\/happy2","volume":0.05},{"name":"mob\/sniffer\/happy3","volume":0.05},{"name":"mob\/sniffer\/happy4","volume":0.05},{"name":"mob\/sniffer\/happy5","volume":0.05}],"replace":true,"subtitle":"subtitles.entity.sniffer.happy"},"entity.sniffer.hurt":{"sounds":[{"name":"mob\/sniffer\/hurt1","volume":0.05},{"name":"mob\/sniffer\/hurt2","volume":0.05},{"name":"mob\/sniffer\/hurt3","volume":0.05}],"replace":true,"subtitle":"subtitles.entity.sniffer.hurt"},"entity.sniffer.idle":{"sounds":[{"name":"mob\/sniffer\/idle1","volume":0.05},{"name":"mob\/sniffer\/idle2","volume":0.05},{"name":"mob\/sniffer\/idle3","volume":0.05},{"name":"mob\/sniffer\/idle4","volume":0.05},{"name":"mob\/sniffer\/idle5","volume":0.05},{"name":"mob\/sniffer\/idle6","volume":0.05},{"name":"mob\/sniffer\/idle7","volume":0.05},{"name":"mob\/sniffer\/idle8","volume":0.05},{"name":"mob\/sniffer\/idle9","volume":0.05},{"name":"mob\/sniffer\/idle10","volume":0.05},{"name":"mob\/sniffer\/idle11","volume":0.05}],"replace":true,"subtitle":"subtitles.entity.sniffer.idle"},"entity.sniffer.scenting":{"sounds":[{"name":"mob\/sniffer\/scenting1","volume":0.05},{"name":"mob\/sniffer\/scenting2","volume":0.05},{"name":"mob\/sniffer\/scenting3","volume":0.05}],"replace":true,"subtitle":"subtitles.entity.sniffer.scenting"},"entity.sniffer.searching":{"sounds":[{"name":"mob\/sniffer\/searching1","volume":0.04},{"name":"mob\/sniffer\/searching2","volume":0.04},{"name":"mob\/sniffer\/searching3","volume":0.04},{"name":"mob\/sniffer\/searching4","volume":0.04},{"name":"mob\/sniffer\/searching5","volume":0.04},{"name":"mob\/sniffer\/searching6","volume":0.04}],"replace":true,"subtitle":"subtitles.entity.sniffer.searching"},"entity.sniffer.sniffing":{"sounds":[{"name":"mob\/sniffer\/sniffing1","volume":0.05},{"name":"mob\/sniffer\/sniffing2","volume":0.05},{"name":"mob\/sniffer\/sniffing3","volume":0.05}],"replace":true,"subtitle":"subtitles.entity.sniffer.sniffing"},"entity.sniffer.step":{"sounds":[{"name":"mob\/sniffer\/step1","volume":0.05},{"name":"mob\/sniffer\/step2","volume":0.05},{"name":"mob\/sniffer\/step3","volume":0.05},{"name":"mob\/sniffer\/step4","volume":0.05},{"name":"mob\/sniffer\/step5","volume":0.05},{"name":"mob\/sniffer\/step6","volume":0.05}],"replace":true,"subtitle":"subtitles.block.generic.footsteps"},"block.sniffer_egg.crack":{"sounds":[{"name":"mob\/turtle\/egg\/egg_crack1","pitch":0.8,"volume":0.05},{"name":"mob\/turtle\/egg\/egg_crack2","pitch":0.8,"volume":0.05},{"name":"mob\/turtle\/egg\/egg_crack3","pitch":0.8,"volume":0.05},{"name":"mob\/turtle\/egg\/egg_crack4","pitch":0.8,"volume":0.05},{"name":"mob\/turtle\/egg\/egg_crack5","pitch":0.8,"volume":0.05}],"replace":true,"subtitle":"subtitles.block.sniffer_egg.crack"},"block.sniffer_egg.hatch":{"sounds":[{"name":"mob\/turtle\/egg\/egg_break1","pitch":0.8,"volume":0.05},{"name":"mob\/turtle\/egg\/egg_break2","pitch":0.8,"volume":0.05}],"replace":true,"subtitle":"subtitles.block.sniffer_egg.hatch"},"block.sniffer_egg.plop":{"sounds":[{"name":"mob\/chicken\/plop","pitch":0.6,"volume":0.05},{"name":"mob\/chicken\/plop","pitch":0.7,"volume":0.05},{"name":"mob\/chicken\/plop","pitch":0.8,"volume":0.05}],"replace":true,"subtitle":"subtitles.block.sniffer_egg.plop"},"entity.wither.ambient":{"sounds":[{"name":"mob\/wither\/idle1","volume":0.05},{"name":"mob\/wither\/idle2","volume":0.05},{"name":"mob\/wither\/idle3","volume":0.05},{"name":"mob\/wither\/idle4","volume":0.05}],"replace":true,"subtitle":"subtitles.entity.wither.ambient"},"entity.wither.break_block":{"sounds":[{"name":"mob\/zombie\/woodbreak","volume":0.05}],"replace":true,"subtitle":"subtitles.entity.wither.shoot"},"entity.wither.death":{"sounds":[{"name":"mob\/wither\/death","volume":0.05}],"replace":true,"subtitle":"subtitles.entity.wither.death"},"entity.wither.hurt":{"sounds":[{"name":"mob\/wither\/hurt1","volume":0.05},{"name":"mob\/wither\/hurt2","volume":0.05},{"name":"mob\/wither\/hurt3","volume":0.05},{"name":"mob\/wither\/hurt4","volume":0.05}],"replace":true,"subtitle":"subtitles.entity.wither.hurt"},"entity.wither.shoot":{"sounds":[{"name":"mob\/wither\/shoot","volume":0.05}],"replace":true,"subtitle":"subtitles.entity.wither.shoot"},"entity.wither.spawn":{"sounds":[{"name":"mob\/wither\/spawn","volume":0.05}],"replace":true,"subtitle":"subtitles.entity.wither.spawn"},"entity.villager.ambient":{"sounds":[{"name":"mob\/villager\/idle1","volume":0.05},{"name":"mob\/villager\/idle2","volume":0.05},{"name":"mob\/villager\/idle3","volume":0.05}],"replace":true,"subtitle":"subtitles.entity.villager.ambient"},"entity.villager.celebrate":{"sounds":[{"name":"mob\/villager\/yes1","volume":0.05},{"name":"mob\/villager\/yes2","volume":0.05},{"name":"mob\/villager\/yes3","volume":0.05}],"replace":true,"subtitle":"subtitles.entity.villager.celebrate"},"entity.villager.death":{"sounds":[{"name":"mob\/villager\/death","volume":0.05}],"replace":true,"subtitle":"subtitles.entity.villager.death"},"entity.villager.hurt":{"sounds":[{"name":"mob\/villager\/hit1","volume":0.05},{"name":"mob\/villager\/hit2","volume":0.05},{"name":"mob\/villager\/hit3","volume":0.05},{"name":"mob\/villager\/hit4","volume":0.05}],"replace":true,"subtitle":"subtitles.entity.villager.hurt"},"entity.villager.no":{"sounds":[{"name":"mob\/villager\/no1","volume":0.05},{"name":"mob\/villager\/no2","volume":0.05},{"name":"mob\/villager\/no3","volume":0.05}],"replace":true,"subtitle":"subtitles.entity.villager.no"},"entity.villager.trade":{"sounds":[{"name":"mob\/villager\/haggle1","volume":0.05},{"name":"mob\/villager\/haggle2","volume":0.05},{"name":"mob\/villager\/haggle3","volume":0.05}],"replace":true,"subtitle":"subtitles.entity.villager.trade"},"entity.villager.work_armorer":{"sounds":[{"name":"block\/blastfurnace\/blastfurnace1","volume":0.05},{"name":"block\/blastfurnace\/blastfurnace2","volume":0.05},{"name":"block\/blastfurnace\/blastfurnace3","volume":0.05},{"name":"block\/blastfurnace\/blastfurnace4","volume":0.05},{"name":"block\/blastfurnace\/blastfurnace5","volume":0.05}],"replace":true,"subtitle":"subtitles.entity.villager.work_armorer"},"entity.villager.work_butcher":{"sounds":[{"name":"block\/smoker\/smoker1","volume":0.05},{"name":"block\/smoker\/smoker2","volume":0.05},{"name":"block\/smoker\/smoker3","volume":0.05},{"name":"block\/smoker\/smoker4","volume":0.05},{"name":"block\/smoker\/smoker5","volume":0.05}],"replace":true,"subtitle":"subtitles.entity.villager.work_butcher"},"entity.villager.work_cartographer":{"sounds":[{"name":"ui\/cartography_table\/drawmap1","volume":0.05},{"name":"ui\/cartography_table\/drawmap2","volume":0.05},{"name":"ui\/cartography_table\/drawmap3","volume":0.05}],"replace":true,"subtitle":"subtitles.entity.villager.work_cartographer"},"entity.villager.work_cleric":{"sounds":[{"name":"block\/brewing_stand\/brew1","volume":0.05},{"name":"block\/brewing_stand\/brew2","volume":0.05}],"replace":true,"subtitle":"subtitles.entity.villager.work_cleric"},"entity.villager.work_farmer":{"sounds":[{"name":"block\/composter\/fill_success1","volume":0.05},{"name":"block\/composter\/fill_success2","volume":0.05},{"name":"block\/composter\/fill_success3","volume":0.05},{"name":"block\/composter\/fill_success4","volume":0.05}],"replace":true,"subtitle":"subtitles.entity.villager.work_farmer"},"entity.villager.work_fisherman":{"sounds":[{"name":"block\/barrel\/open1","volume":0.05},{"name":"block\/barrel\/open2","volume":0.05}],"replace":true,"subtitle":"subtitles.entity.villager.work_fisherman"},"entity.villager.work_fletcher":{"sounds":[{"name":"block\/fletching_table\/fletching_table1","volume":0.05},{"name":"block\/fletching_table\/fletching_table2","volume":0.05}],"replace":true,"subtitle":"subtitles.entity.villager.work_fletcher"},"entity.villager.work_leatherworker":{"sounds":[{"name":"block\/cauldron\/dye1","volume":0.045},{"name":"block\/cauldron\/dye2","volume":0.045},{"name":"block\/cauldron\/dye3","volume":0.045}],"replace":true,"subtitle":"subtitles.entity.villager.work_leatherworker"},"entity.villager.work_librarian":{"sounds":[{"name":"item\/book\/open_flip1","volume":0.1},{"name":"item\/book\/open_flip2","volume":0.1},{"name":"item\/book\/open_flip3","volume":0.1}],"replace":true,"subtitle":"subtitles.entity.villager.work_librarian"},"entity.villager.work_mason":{"sounds":[{"name":"ui\/stonecutter\/cut1","pitch":0.92,"volume":0.05},{"name":"ui\/stonecutter\/cut1","volume":0.05},{"name":"ui\/stonecutter\/cut2","pitch":0.92,"volume":0.05},{"name":"ui\/stonecutter\/cut2","volume":0.05}],"replace":true,"subtitle":"subtitles.entity.villager.work_mason"},"entity.villager.work_shepherd":{"sounds":[{"name":"ui\/loom\/take_result1","volume":0.025},{"name":"ui\/loom\/take_result2","volume":0.025}],"replace":true,"subtitle":"subtitles.entity.villager.work_shepherd"},"entity.villager.work_toolsmith":{"sounds":[{"name":"block\/smithing_table\/smithing_table1","volume":0.05},{"name":"block\/smithing_table\/smithing_table2","volume":0.05},{"name":"block\/smithing_table\/smithing_table3","volume":0.05}],"replace":true,"subtitle":"subtitles.entity.villager.work_toolsmith"},"entity.villager.work_weaponsmith":{"sounds":[{"name":"block\/grindstone\/grindstone1","volume":0.025},{"name":"block\/grindstone\/grindstone2","volume":0.025},{"name":"block\/grindstone\/grindstone3","volume":0.025}],"replace":true,"subtitle":"subtitles.entity.villager.work_weaponsmith"},"entity.villager.yes":{"sounds":[{"name":"mob\/villager\/yes1","volume":0.025},{"name":"mob\/villager\/yes2","volume":0.025},{"name":"mob\/villager\/yes3","volume":0.025}],"replace":true,"subtitle":"subtitles.entity.villager.yes"},"entity.wandering_trader.ambient":{"sounds":[{"name":"mob\/wandering_trader\/idle1","volume":0.05},{"name":"mob\/wandering_trader\/idle2","volume":0.05},{"name":"mob\/wandering_trader\/idle3","volume":0.05},{"name":"mob\/wandering_trader\/idle4","volume":0.05},{"name":"mob\/wandering_trader\/idle5","volume":0.05}],"replace":true,"subtitle":"subtitles.entity.wandering_trader.ambient"},"entity.wandering_trader.death":{"sounds":[{"name":"mob\/wandering_trader\/death","volume":0.05}],"replace":true,"subtitle":"subtitles.entity.wandering_trader.death"},"entity.wandering_trader.disappeared":{"sounds":[{"name":"mob\/wandering_trader\/disappeared1","volume":0.04},{"name":"mob\/wandering_trader\/disappeared2","volume":0.04}],"replace":true,"subtitle":"subtitles.entity.wandering_trader.disappeared"},"entity.wandering_trader.drink_milk":{"sounds":[{"name":"mob\/wandering_trader\/drink_milk1","volume":0.05},{"name":"mob\/wandering_trader\/drink_milk2","volume":0.05},{"name":"mob\/wandering_trader\/drink_milk3","volume":0.05},{"name":"mob\/wandering_trader\/drink_milk4","volume":0.05},{"name":"mob\/wandering_trader\/drink_milk5","volume":0.05}],"replace":true,"subtitle":"subtitles.entity.wandering_trader.drink_milk"},"entity.wandering_trader.drink_potion":{"sounds":[{"name":"mob\/wandering_trader\/drink_potion","volume":0.035},{"name":"random\/drink","volume":0.0325}],"replace":true,"subtitle":"subtitles.entity.wandering_trader.drink_potion"},"entity.wandering_trader.hurt":{"sounds":[{"name":"mob\/wandering_trader\/hurt1","volume":0.05},{"name":"mob\/wandering_trader\/hurt2","volume":0.05},{"name":"mob\/wandering_trader\/hurt3","volume":0.05},{"name":"mob\/wandering_trader\/hurt4","volume":0.05}],"replace":true,"subtitle":"subtitles.entity.wandering_trader.hurt"},"entity.wandering_trader.no":{"sounds":[{"name":"mob\/wandering_trader\/no1","volume":0.05},{"name":"mob\/wandering_trader\/no2","volume":0.05},{"name":"mob\/wandering_trader\/no3","volume":0.05},{"name":"mob\/wandering_trader\/no4","volume":0.05},{"name":"mob\/wandering_trader\/no5","volume":0.05}],"replace":true,"subtitle":"subtitles.entity.wandering_trader.no"},"entity.wandering_trader.reappeared":{"sounds":[{"name":"mob\/wandering_trader\/reappeared1","volume":0.04},{"name":"mob\/wandering_trader\/reappeared2","volume":0.04}],"replace":true,"subtitle":"subtitles.entity.wandering_trader.reappeared"},"entity.wandering_trader.trade":{"sounds":[{"name":"mob\/wandering_trader\/haggle1","volume":0.05},{"name":"mob\/wandering_trader\/haggle2","volume":0.05},{"name":"mob\/wandering_trader\/haggle3","volume":0.05}],"replace":true,"subtitle":"subtitles.entity.wandering_trader.trade"},"entity.wandering_trader.yes":{"sounds":[{"name":"mob\/wandering_trader\/yes1","volume":0.05},{"name":"mob\/wandering_trader\/yes2","volume":0.05},{"name":"mob\/wandering_trader\/yes3","volume":0.05},{"name":"mob\/wandering_trader\/yes4","volume":0.05}],"replace":true,"subtitle":"subtitles.entity.wandering_trader.yes"},"entity.sheep.ambient":{"sounds":[{"name":"mob\/sheep\/say1","volume":0.05},{"name":"mob\/sheep\/say2","volume":0.05},{"name":"mob\/sheep\/say3","volume":0.05}],"replace":true,"subtitle":"subtitles.entity.sheep.ambient"},"entity.sheep.death":{"sounds":["mob\/sheep\/say1","mob\/sheep\/say2","mob\/sheep\/say3"],"subtitle":"subtitles.entity.sheep.death"},"entity.sheep.hurt":{"sounds":[{"name":"mob\/sheep\/say1","volume":0.05},{"name":"mob\/sheep\/say2","volume":0.05},{"name":"mob\/sheep\/say3","volume":0.05}],"replace":true,"subtitle":"subtitles.entity.sheep.hurt"},"entity.sheep.shear":{"sounds":[{"name":"mob\/sheep\/shear","volume":0.05}],"replace":true,"subtitle":"subtitles.item.shears.shear"},"entity.sheep.step":{"sounds":[{"name":"mob\/sheep\/step1","volume":0.05},{"name":"mob\/sheep\/step2","volume":0.05},{"name":"mob\/sheep\/step3","volume":0.05},{"name":"mob\/sheep\/step4","volume":0.05},{"name":"mob\/sheep\/step5","volume":0.05}],"replace":true,"subtitle":"subtitles.block.generic.footsteps"},"entity.rabbit.ambient":{"sounds":[{"name":"mob\/rabbit\/idle1","volume":0.0125},{"name":"mob\/rabbit\/idle2","volume":0.0125},{"name":"mob\/rabbit\/idle3","volume":0.0125},{"name":"mob\/rabbit\/idle4","volume":0.0125}],"replace":true,"subtitle":"subtitles.entity.rabbit.ambient"},"entity.rabbit.attack":{"sounds":[{"name":"entity\/rabbit\/attack1","volume":0.05},{"name":"entity\/rabbit\/attack2","volume":0.05},{"name":"entity\/rabbit\/attack3","volume":0.05},{"name":"entity\/rabbit\/attack4","volume":0.05}],"replace":true,"subtitle":"subtitles.entity.rabbit.attack"},"entity.rabbit.death":{"sounds":[{"name":"mob\/rabbit\/bunnymurder","volume":0.025}],"replace":true,"subtitle":"subtitles.entity.rabbit.death"},"entity.rabbit.hurt":{"sounds":[{"name":"mob\/rabbit\/hurt1","volume":0.025},{"name":"mob\/rabbit\/hurt2","volume":0.025},{"name":"mob\/rabbit\/hurt3","volume":0.025},{"name":"mob\/rabbit\/hurt4","volume":0.025}],"replace":true,"subtitle":"subtitles.entity.rabbit.hurt"},"entity.rabbit.jump":{"sounds":[{"name":"mob\/rabbit\/hop1","volume":0.005},{"name":"mob\/rabbit\/hop2","volume":0.005},{"name":"mob\/rabbit\/hop3","volume":0.005},{"name":"mob\/rabbit\/hop4","volume":0.005}],"replace":true,"subtitle":"subtitles.entity.rabbit.jump"},"entity.pig.ambient":{"sounds":[{"name":"mob\/pig\/say1","volume":0.05},{"name":"mob\/pig\/say2","volume":0.05},{"name":"mob\/pig\/say3","volume":0.05}],"replace":true,"subtitle":"subtitles.entity.pig.ambient"},"entity.pig.death":{"sounds":[{"name":"mob\/pig\/death","volume":0.05}],"replace":true,"subtitle":"subtitles.entity.pig.death"},"entity.pig.hurt":{"sounds":[{"name":"mob\/pig\/say1","volume":0.05},{"name":"mob\/pig\/say2","volume":0.05},{"name":"mob\/pig\/say3","volume":0.05}],"replace":true,"subtitle":"subtitles.entity.pig.hurt"},"entity.pig.saddle":{"sounds":[{"name":"mob\/horse\/leather","volume":0.05}],"replace":true,"subtitle":"subtitles.entity.pig.saddle"},"entity.pig.step":{"sounds":[{"name":"mob\/pig\/step1","volume":0.05},{"name":"mob\/pig\/step2","volume":0.05},{"name":"mob\/pig\/step3","volume":0.05},{"name":"mob\/pig\/step4","volume":0.05},{"name":"mob\/pig\/step5","volume":0.05}],"replace":true,"subtitle":"subtitles.block.generic.footsteps"},"entity.horse.ambient":{"sounds":[{"name":"mob\/horse\/idle1","volume":0.05},{"name":"mob\/horse\/idle2","volume":0.05},{"name":"mob\/horse\/idle3","volume":0.05}],"replace":true,"subtitle":"subtitles.entity.horse.ambient"},"entity.horse.angry":{"sounds":[{"name":"mob\/horse\/angry1","volume":0.05}],"replace":true,"subtitle":"subtitles.entity.horse.angry"},"entity.horse.armor":{"sounds":[{"name":"mob\/horse\/armor","volume":0.05}],"replace":true,"subtitle":"subtitles.entity.horse.armor"},"entity.horse.breathe":{"sounds":[{"name":"mob\/horse\/breathe1","volume":0.05},{"name":"mob\/horse\/breathe2","volume":0.05},{"name":"mob\/horse\/breathe3","volume":0.05}],"replace":true,"subtitle":"subtitles.entity.horse.breathe"},"entity.horse.death":{"sounds":[{"name":"mob\/horse\/death","volume":0.05}],"replace":true,"subtitle":"subtitles.entity.horse.death"},"entity.horse.eat":{"sounds":[{"name":"mob\/horse\/eat1","volume":0.05},{"name":"mob\/horse\/eat2","volume":0.05},{"name":"mob\/horse\/eat3","volume":0.05},{"name":"mob\/horse\/eat4","volume":0.05},{"name":"mob\/horse\/eat5","volume":0.05}],"replace":true,"subtitle":"subtitles.entity.horse.eat"},"entity.horse.gallop":{"sounds":[{"name":"mob\/horse\/gallop1","volume":0.05},{"name":"mob\/horse\/gallop2","volume":0.05},{"name":"mob\/horse\/gallop3","volume":0.05},{"name":"mob\/horse\/gallop4","volume":0.05}],"replace":true,"subtitle":"subtitles.entity.horse.gallop"},"entity.horse.hurt":{"sounds":[{"name":"mob\/horse\/hit1","volume":0.05},{"name":"mob\/horse\/hit2","volume":0.05},{"name":"mob\/horse\/hit3","volume":0.05},{"name":"mob\/horse\/hit4","volume":0.05}],"replace":true,"subtitle":"subtitles.entity.horse.hurt"},"entity.horse.jump":{"sounds":[{"name":"mob\/horse\/jump","volume":0.05}],"replace":true,"subtitle":"subtitles.entity.horse.jump"},"entity.horse.land":{"sounds":[{"name":"mob\/horse\/land","volume":0.05}],"replace":true,"subtitle":"subtitles.entity.generic.big_fall"},"entity.horse.saddle":{"sounds":[{"name":"mob\/horse\/leather","volume":0.05}],"replace":true,"subtitle":"subtitles.entity.horse.saddle"},"entity.horse.step":{"sounds":[{"name":"mob\/horse\/soft1","volume":0.05},{"name":"mob\/horse\/soft2","volume":0.05},{"name":"mob\/horse\/soft3","volume":0.05},{"name":"mob\/horse\/soft4","volume":0.05},{"name":"mob\/horse\/soft5","volume":0.05},{"name":"mob\/horse\/soft6","volume":0.05}],"replace":true,"subtitle":"subtitles.block.generic.footsteps"},"entity.horse.step_wood":{"sounds":[{"name":"mob\/horse\/wood1","volume":0.05},{"name":"mob\/horse\/wood2","volume":0.05},{"name":"mob\/horse\/wood3","volume":0.05},{"name":"mob\/horse\/wood4","volume":0.05},{"name":"mob\/horse\/wood5","volume":0.05},{"name":"mob\/horse\/wood6","volume":0.05}],"replace":true,"subtitle":"subtitles.block.generic.footsteps"},"entity.mule.ambient":{"sounds":[{"name":"mob\/horse\/donkey\/idle1","volume":0.05},{"name":"mob\/horse\/donkey\/idle2","volume":0.05},{"name":"mob\/horse\/donkey\/idle3","volume":0.05}],"replace":true,"subtitle":"subtitles.entity.mule.ambient"},"entity.mule.angry":{"sounds":[{"name":"mob\/horse\/donkey\/angry1","volume":0.05},{"name":"mob\/horse\/donkey\/angry1","volume":0.05}],"replace":true,"subtitle":"subtitles.entity.mule.angry"},"entity.mule.chest":{"sounds":[{"name":"mob\/chicken\/plop","volume":0.05}],"replace":true,"subtitle":"subtitles.entity.mule.chest"},"entity.mule.death":{"sounds":[{"name":"mob\/chicken\/plop","volume":0.05}],"replace":true,"subtitle":"subtitles.entity.mule.death"},"entity.mule.eat":{"sounds":[{"name":"mob\/horse\/eat1","volume":0.05},{"name":"mob\/horse\/eat2","volume":0.05},{"name":"mob\/horse\/eat3","volume":0.05},{"name":"mob\/horse\/eat4","volume":0.05},{"name":"mob\/horse\/eat5","volume":0.05}],"replace":true,"subtitle":"subtitles.entity.mule.eat"},"entity.mule.hurt":{"sounds":[{"name":"mob\/horse\/donkey\/hit1","volume":0.05},{"name":"mob\/horse\/donkey\/hit2","volume":0.05},{"name":"mob\/horse\/donkey\/hit3","volume":0.05}],"replace":true,"subtitle":"subtitles.entity.mule.hurt"},"entity.donkey.ambient":{"sounds":[{"name":"mob\/horse\/donkey\/idle1","volume":0.05},{"name":"mob\/horse\/donkey\/idle2","volume":0.05},{"name":"mob\/horse\/donkey\/idle3","volume":0.05}],"replace":true,"subtitle":"subtitles.entity.donkey.ambient"},"entity.donkey.angry":{"sounds":[{"name":"mob\/horse\/donkey\/angry1","volume":0.05},{"name":"mob\/horse\/donkey\/angry2","volume":0.05}],"replace":true,"subtitle":"subtitles.entity.donkey.angry"},"entity.donkey.chest":{"sounds":[{"name":"mob\/chicken\/plop","volume":0.05}],"replace":true,"subtitle":"subtitles.entity.donkey.chest"},"entity.donkey.death":{"sounds":[{"name":"mob\/horse\/donkey\/death","volume":0.05}],"replace":true,"subtitle":"subtitles.entity.donkey.death"},"entity.donkey.eat":{"sounds":[{"name":"mob\/horse\/eat1","volume":0.05},{"name":"mob\/horse\/eat2","volume":0.05},{"name":"mob\/horse\/eat3","volume":0.05},{"name":"mob\/horse\/eat4","volume":0.05},{"name":"mob\/horse\/eat5","volume":0.05}],"replace":true,"subtitle":"subtitles.entity.donkey.eat"},"entity.donkey.hurt":{"sounds":[{"name":"mob\/horse\/donkey\/hit1","volume":0.05},{"name":"mob\/horse\/donkey\/hit2","volume":0.05},{"name":"mob\/horse\/donkey\/hit3","volume":0.05}],"replace":true,"subtitle":"subtitles.entity.donkey.hurt"},"entity.skeleton_horse.ambient":{"sounds":[{"name":"mob\/horse\/skeleton\/idle1","volume":0.05},{"name":"mob\/horse\/skeleton\/idle2","volume":0.05},{"name":"mob\/horse\/skeleton\/idle3","volume":0.05}],"replace":true,"subtitle":"subtitles.entity.skeleton_horse.ambient"},"entity.skeleton_horse.ambient_water":{"sounds":[{"name":"mob\/horse\/skeleton\/water\/idle1","volume":0.05},{"name":"mob\/horse\/skeleton\/water\/idle2","volume":0.05},{"name":"mob\/horse\/skeleton\/water\/idle3","volume":0.05},{"name":"mob\/horse\/skeleton\/water\/idle4","volume":0.05},{"name":"mob\/horse\/skeleton\/water\/idle5","volume":0.05}],"replace":true,"subtitle":"subtitles.entity.skeleton_horse.ambient"},"entity.skeleton_horse.death":{"sounds":[{"name":"mob\/horse\/skeleton\/death","volume":0.05}],"replace":true,"subtitle":"subtitles.entity.skeleton_horse.death"},"entity.skeleton_horse.gallop_water":{"sounds":[{"name":"mob\/horse\/skeleton\/water\/gallop1","volume":0.0225},{"name":"mob\/horse\/skeleton\/water\/gallop2","volume":0.0225},{"name":"mob\/horse\/skeleton\/water\/gallop3","volume":0.0225},{"name":"mob\/horse\/skeleton\/water\/gallop4","volume":0.0225}],"replace":true,"subtitle":"subtitles.entity.horse.gallop"},"entity.skeleton_horse.hurt":{"sounds":[{"name":"mob\/horse\/skeleton\/hit1","volume":0.05},{"name":"mob\/horse\/skeleton\/hit2","volume":0.05},{"name":"mob\/horse\/skeleton\/hit3","volume":0.05},{"name":"mob\/horse\/skeleton\/hit4","volume":0.05}],"replace":true,"subtitle":"subtitles.entity.skeleton_horse.hurt"},"entity.skeleton_horse.jump_water":{"sounds":[{"name":"mob\/horse\/skeleton\/water\/jump","volume":0.04}],"replace":true},"entity.skeleton_horse.step_water":{"sounds":[{"name":"mob\/horse\/skeleton\/water\/soft1","volume":0.03},{"name":"mob\/horse\/skeleton\/water\/soft2","volume":0.03},{"name":"mob\/horse\/skeleton\/water\/soft3","volume":0.03},{"name":"mob\/horse\/skeleton\/water\/soft4","volume":0.03},{"name":"mob\/horse\/skeleton\/water\/soft5","volume":0.03},{"name":"mob\/horse\/skeleton\/water\/soft6","volume":0.03}],"replace":true,"subtitle":"subtitles.block.generic.footsteps"},"entity.skeleton_horse.swim":{"sounds":[{"name":"liquid\/swim9","volume":0.02},{"name":"liquid\/swim10","volume":0.02},{"name":"liquid\/swim11","volume":0.02},{"name":"liquid\/swim12","volume":0.02},{"name":"liquid\/swim14","volume":0.02},{"name":"liquid\/swim15","volume":0.02},{"name":"liquid\/swim16","volume":0.02},{"name":"liquid\/swim17","volume":0.02}],"replace":true,"subtitle":"subtitles.entity.skeleton_horse.swim"},"entity.zombie_horse.ambient":{"sounds":[{"name":"mob\/horse\/zombie\/idle1","volume":0.05},{"name":"mob\/horse\/zombie\/idle2","volume":0.05},{"name":"mob\/horse\/zombie\/idle3","volume":0.05}],"replace":true,"subtitle":"subtitles.entity.zombie_horse.ambient"},"entity.zombie_horse.death":{"sounds":[{"name":"mob\/horse\/zombie\/death","volume":0.05}],"replace":true,"subtitle":"subtitles.entity.zombie_horse.death"},"entity.zombie_horse.hurt":{"sounds":[{"name":"mob\/horse\/zombie\/hit1","volume":0.05},{"name":"mob\/horse\/zombie\/hit2","volume":0.05},{"name":"mob\/horse\/zombie\/hit3","volume":0.05},{"name":"mob\/horse\/zombie\/hit4","volume":0.05}],"replace":true,"subtitle":"subtitles.entity.zombie_horse.hurt"},"entity.frog.ambient":{"sounds":[{"name":"mob\/frog\/idle1","pitch":0.95,"volume":0.04},{"name":"mob\/frog\/idle2","pitch":0.9},{"name":"mob\/frog\/idle3","pitch":0.9,"volume":0.045},{"name":"mob\/frog\/idle4","pitch":0.95,"volume":0.04},{"name":"mob\/frog\/idle5","pitch":0.9,"volume":0.0425},{"name":"mob\/frog\/idle6","pitch":0.9,"volume":0.045},{"name":"mob\/frog\/idle7","pitch":0.9,"volume":0.035},{"name":"mob\/frog\/idle8","pitch":0.9,"volume":0.015}],"replace":true,"subtitle":"subtitles.entity.frog.ambient"},"entity.frog.death":{"sounds":[{"name":"mob\/frog\/death1","volume":0.05},{"name":"mob\/frog\/death2","volume":0.05},{"name":"mob\/frog\/death3","volume":0.05}],"replace":true,"subtitle":"subtitles.entity.frog.death"},"entity.frog.eat":{"sounds":[{"name":"mob\/frog\/eat1","volume":0.6},{"name":"mob\/frog\/eat1","pitch":0.9,"volume":0.03},{"name":"mob\/frog\/eat2","volume":0.03},{"name":"mob\/frog\/eat2","pitch":0.9,"volume":0.03},{"name":"mob\/frog\/eat3","volume":0.03},{"name":"mob\/frog\/eat3","pitch":0.9,"volume":0.03},{"name":"mob\/frog\/eat4","volume":0.03},{"name":"mob\/frog\/eat4","pitch":0.9,"volume":0.03}],"replace":true,"subtitle":"subtitles.entity.frog.eat"},"entity.frog.hurt":{"sounds":[{"name":"mob\/frog\/hurt1","volume":0.05},{"name":"mob\/frog\/hurt2","volume":0.05},{"name":"mob\/frog\/hurt3","volume":0.05},{"name":"mob\/frog\/hurt4","volume":0.05},{"name":"mob\/frog\/hurt5","volume":0.05}],"replace":true,"subtitle":"subtitles.entity.frog.hurt"},"entity.frog.lay_spawn":{"sounds":[{"name":"mob\/frog\/lay_spawn1","volume":0.0125},{"name":"mob\/frog\/lay_spawn2","volume":0.0125}],"replace":true,"subtitle":"subtitles.entity.frog.lay_spawn"},"entity.frog.long_jump":{"sounds":[{"name":"mob\/frog\/long_jump1","volume":0.006},{"name":"mob\/frog\/long_jump1","pitch":0.8,"volume":0.006},{"name":"mob\/frog\/long_jump2","volume":0.006},{"name":"mob\/frog\/long_jump2","pitch":0.8,"volume":0.006},{"name":"mob\/frog\/long_jump3","volume":0.006},{"name":"mob\/frog\/long_jump3","pitch":0.8,"volume":0.006},{"name":"mob\/frog\/long_jump4","volume":0.006},{"name":"mob\/frog\/long_jump4","pitch":0.8,"volume":0.006}],"replace":true,"subtitle":"subtitles.entity.frog.long_jump"},"entity.frog.step":{"sounds":[{"name":"mob\/frog\/step1","volume":0.05},{"name":"mob\/frog\/step2","volume":0.05},{"name":"mob\/frog\/step3","volume":0.05},{"name":"mob\/frog\/step4","volume":0.05}],"replace":true,"subtitle":"subtitles.block.generic.footsteps"},"entity.frog.tongue":{"sounds":[{"name":"mob\/frog\/tongue1","volume":0.025},{"name":"mob\/frog\/tongue2","volume":0.025},{"name":"mob\/frog\/tongue3","volume":0.025},{"name":"mob\/frog\/tongue4","volume":0.025}],"replace":true},"entity.cow.ambient":{"sounds":[{"name":"mob\/cow\/say1","volume":0.05},{"name":"mob\/cow\/say2","volume":0.05},{"name":"mob\/cow\/say3","volume":0.05},{"name":"mob\/cow\/say4","volume":0.05}],"replace":true,"subtitle":"subtitles.entity.cow.ambient"},"entity.cow.death":{"sounds":[{"name":"mob\/cow\/hurt1","volume":0.05},{"name":"mob\/cow\/hurt2","volume":0.05},{"name":"mob\/cow\/hurt3","volume":0.05}],"replace":true,"subtitle":"subtitles.entity.cow.death"},"entity.cow.hurt":{"sounds":[{"name":"mob\/cow\/hurt1","volume":0.05},{"name":"mob\/cow\/hurt2","volume":0.05},{"name":"mob\/cow\/hurt3","volume":0.05}],"replace":true,"subtitle":"subtitles.entity.cow.hurt"},"entity.cow.milk":{"sounds":[{"name":"mob\/cow\/milk1","volume":0.05},{"name":"mob\/cow\/milk2","volume":0.05},{"name":"mob\/cow\/milk3","volume":0.05}],"replace":true,"subtitle":"subtitles.entity.cow.milk"},"entity.cow.step":{"sounds":[{"name":"mob\/cow\/step1","volume":0.05},{"name":"mob\/cow\/step2","volume":0.05},{"name":"mob\/cow\/step3","volume":0.05},{"name":"mob\/cow\/step4","volume":0.05}],"replace":true,"subtitle":"subtitles.block.generic.footsteps"},"entity.chicken.ambient":{"sounds":[{"name":"mob\/chicken\/say1","volume":0.05},{"name":"mob\/chicken\/say2","volume":0.05},{"name":"mob\/chicken\/say3","volume":0.05}],"replace":true,"subtitle":"subtitles.entity.chicken.ambient"},"entity.chicken.death":{"sounds":[{"name":"mob\/chicken\/hurt1","volume":0.05},{"name":"mob\/chicken\/hurt2","volume":0.05}],"replace":true,"subtitle":"subtitles.entity.chicken.death"},"entity.chicken.egg":{"sounds":[{"name":"mob\/chicken\/plop","volume":0.05}],"replace":true,"subtitle":"subtitles.entity.chicken.egg"},"entity.chicken.hurt":{"sounds":[{"name":"mob\/chicken\/hurt1","volume":0.05},{"name":"mob\/chicken\/hurt2","volume":0.05}],"replace":true,"subtitle":"subtitles.entity.chicken.hurt"},"entity.chicken.step":{"sounds":[{"name":"mob\/chicken\/step1","volume":0.05},{"name":"mob\/chicken\/step2","volume":0.05}],"replace":true,"subtitle":"subtitles.block.generic.footsteps"},"entity.bat.ambient":{"sounds":[{"name":"mob\/bat\/idle1","volume":0.05},{"name":"mob\/bat\/idle2","volume":0.05},{"name":"mob\/bat\/idle3","volume":0.05},{"name":"mob\/bat\/idle4","volume":0.05}],"replace":true,"subtitle":"subtitles.entity.bat.ambient"},"entity.bat.death":{"sounds":[{"name":"mob\/bat\/death","volume":0.05}],"replace":true,"subtitle":"subtitles.entity.bat.death"},"entity.bat.hurt":{"sounds":[{"name":"mob\/bat\/hurt1","volume":0.05},{"name":"mob\/bat\/hurt2","volume":0.05},{"name":"mob\/bat\/hurt3","volume":0.05},{"name":"mob\/bat\/hurt4","volume":0.05}],"replace":true,"subtitle":"subtitles.entity.bat.hurt"},"entity.bat.loop":{"sounds":[{"name":"mob\/bat\/loop","volume":0.05}]},"entity.bat.takeoff":{"sounds":[{"name":"mob\/bat\/takeoff","volume":0.05}],"replace":true,"subtitle":"subtitles.entity.bat.takeoff"}}